delivery_id,order_id,driver_id,vehicle_id,hub_id,dispatch_time,delivery_completed_at,delivery_status,route_distance_km,manual_route_override_count,proof_of_completion_missing,customer_rating_post_delivery,fuel_or_charge_cost,delivery_risk_flag
dl00001,o00938,d004,v056,h05,2024-06-18 10:57:00,2024-06-19 09:05:59.904311,failed,17.26,1,0,3.07,12.05,1
dl00002,o00004,d138,v007,h02,2025-01-11 18:45:00,2025-01-11 17:39:00.000000,ontime,10.34,1,0,5.0,13.41,1
dl00003,o00639,d006,v049,h02,2025-06-02 20:39:00,2025-06-02 21:45:32.366770,ontime,7.92,0,0,4.98,8.51,1
dl00004,o00313,d116,v055,h02,2024-03-08 23:31:00,2024-03-09 23:30:08.103702,delayed,16.42,0,0,4.18,13.62,1
dl00005,o00844,d108,v034,h01,2025-09-21 11:43:00,2025-09-21 15:45:34.131056,ontime,14.52,1,0,4.18,9.22,1
dl00006,o00029,d037,v098,h03,2024-09-11 12:40:00,2024-09-12 17:11:52.384869,delayed,13.84,0,0,1.57,9.58,1
dl00007,o00097,d151,v037,h07,2024-01-09 13:41:00,2024-01-10 23:39:11.072850,delayed,32.72,0,0,4.64,17.7,1
dl00008,o00207,d082,v066,h03,2024-08-22 21:34:00,2024-08-22 23:22:21.531162,ontime,7.16,1,0,3.76,11.66,1
dl00009,o00297,d088,v029,h05,2024-04-12 21:33:00,2024-04-13 01:18:52.673288,ontime,40.23,1,0,3.7,15.78,1
dl00010,o00836,d058,v057,h08,2025-09-22 19:09:00,2025-09-23 01:15:29.151459,failed,9.85,1,0,3.2,9.31,1
dl00011,o00202,d074,v117,h04,2024-02-02 03:09:00,2024-02-02 02:29:05.367622,ontime,13.85,0,0,4.36,15.17,1
dl00012,o01207,d051,v017,h05,2024-12-26 19:41:00,2024-12-27 09:26:05.387672,failed,16.96,3,0,4.04,16.98,1
dl00013,o01031,d105,v085,h04,2025-01-26 08:29:00,2025-01-26 10:33:30.834127,ontime,6.01,2,0,3.96,11.52,1
dl00014,o00725,d102,v008,h05,2024-05-07 12:40:00,2024-05-07 20:50:43.795700,ontime,16.46,0,0,3.67,11.74,1
dl00015,o00394,d067,v056,h04,2024-08-16 22:47:00,2024-08-17 08:15:56.080634,ontime,26.58,3,0,4.47,21.64,1
dl00016,o01220,d010,v091,h08,2025-06-12 01:47:00,2025-06-12 04:51:00.780258,ontime,18.25,1,0,5.0,12.61,1
dl00017,o01249,d002,v008,h05,2024-08-25 18:26:00,2024-08-26 03:05:42.086626,delayed,20.79,0,0,1.0,15.62,1
dl00018,o00611,d011,v001,h01,2025-07-29 10:52:00,2025-07-29 09:54:19.874248,ontime,13.67,0,0,4.46,16.18,1
dl00019,o01167,d026,v004,h06,2024-06-25 23:58:00,2024-06-26 07:52:41.272083,ontime,16.35,4,0,4.97,13.97,1
dl00020,o00054,d157,v065,h01,2025-03-29 12:59:00,2025-03-29 14:40:37.791408,ontime,24.31,0,0,4.15,12.61,1
dl00021,o00250,d117,v081,h08,2025-04-24 14:20:00,2025-04-25 11:20:52.916514,ontime,9.77,4,0,4.07,6.43,1
dl00022,o01027,d088,v011,h07,2025-08-24 00:21:00,2025-08-24 04:25:39.715444,failed,15.81,0,0,3.5,15.62,1
dl00023,o00768,d046,v021,h08,2025-06-12 01:16:00,2025-06-12 02:37:11.392658,ontime,4.29,1,0,5.0,2.5,1
dl00024,o01054,d045,v029,h02,2025-08-19 14:33:00,2025-08-19 18:11:44.601237,ontime,8.58,0,0,4.78,14.62,1
dl00025,o00288,d130,v098,h04,2025-09-08 19:57:00,2025-09-08 22:37:15.665186,ontime,7.41,0,0,5.0,7.2,1
dl00026,o00906,d092,v055,h04,2025-02-04 11:16:00,2025-02-06 01:48:45.831712,failed,14.27,2,0,2.23,10.04,1
dl00027,o00827,d057,v054,h02,2024-01-01 03:20:00,2024-01-02 00:13:30.937528,ontime,13.27,0,0,4.15,9.05,1
dl00028,o00087,d165,v022,h08,2024-11-12 15:52:00,2024-11-13 04:15:00.393100,delayed,15.53,2,0,2.7,13.05,1
dl00029,o00723,d126,v086,h07,2024-05-15 06:49:00,2024-05-15 04:38:00.000000,ontime,9.43,1,0,3.72,8.72,1
dl00030,o00780,d034,v068,h03,2024-06-16 18:57:00,2024-06-16 19:22:12.494298,ontime,7.71,1,0,4.1,16.42,1
dl00031,o00830,d037,v061,h01,2025-07-23 23:32:00,2025-07-23 23:21:38.152021,ontime,12.06,0,0,4.1,14.98,1
dl00032,o00010,d045,v010,h08,2025-01-29 02:58:00,2025-01-29 05:57:46.344204,ontime,15.58,1,0,4.23,13.75,1
dl00033,o00885,d041,v075,h06,2024-11-17 14:01:00,2024-11-19 06:51:25.201294,failed,11.72,0,1,4.13,18.12,1
dl00034,o01081,d157,v110,h04,2025-06-18 12:01:00,2025-06-19 05:14:57.054608,delayed,14.68,0,0,4.4,9.44,1
dl00035,o00275,d015,v038,h07,2025-05-21 21:35:00,2025-05-22 01:56:14.948650,ontime,22.05,0,0,4.96,14.78,1
dl00036,o00652,d158,v106,h06,2024-11-08 22:14:00,2024-11-09 04:09:12.967657,ontime,15.77,1,0,4.35,13.68,1
dl00037,o00185,d010,v113,h05,2025-05-15 02:24:00,2025-05-16 02:10:07.723523,ontime,23.49,1,0,4.21,11.21,1
dl00038,o00727,d096,v002,h02,2025-10-26 15:31:00,2025-10-26 16:43:11.478296,failed,8.82,2,0,3.43,13.21,1
dl00039,o00542,d090,v034,h08,2025-07-26 15:58:00,2025-07-27 04:22:45.664955,failed,17.13,1,0,2.51,16.3,1
dl00040,o00919,d027,v036,h04,2025-02-01 08:38:00,2025-02-02 04:04:35.282288,failed,9.53,1,0,1.68,11.11,1
dl00041,o00750,d100,v057,h08,2024-02-01 08:58:00,2024-02-01 19:53:37.396269,failed,15.88,3,1,2.94,13.19,1
dl00042,o00009,d146,v020,h01,2024-10-04 01:05:00,2024-10-04 10:49:54.333414,ontime,12.02,0,0,4.45,11.41,1
dl00043,o00453,d110,v039,h07,2024-12-04 15:46:00,2024-12-04 20:31:28.589644,ontime,11.94,0,0,4.24,11.81,1
dl00044,o00147,d049,v020,h01,2024-07-12 09:47:00,2024-07-12 12:20:42.900637,ontime,4.63,0,0,4.34,12.87,1
dl00045,o00924,d157,v051,h08,2025-11-07 00:32:00,2025-11-07 21:03:01.572726,ontime,10.61,1,0,5.0,14.13,1
dl00046,o00101,d088,v046,h05,2025-10-30 07:35:00,2025-10-31 06:59:41.392827,ontime,5.53,2,0,3.09,11.27,1
dl00047,o00263,d045,v091,h06,2024-02-19 04:07:00,2024-02-19 03:46:04.685358,ontime,16.33,0,0,5.0,10.25,1
dl00048,o00358,d045,v093,h05,2024-03-20 13:40:00,2024-03-20 18:11:50.892104,delayed,7.37,0,0,3.33,14.67,1
dl00049,o01076,d091,v018,h02,2024-09-29 01:23:00,2024-09-29 07:46:30.295652,ontime,12.55,0,0,3.52,6.93,1
dl00050,o00534,d065,v046,h06,2025-09-05 05:03:00,2025-09-05 03:24:00.000000,ontime,26.85,0,0,5.0,14.34,1
dl00051,o00785,d150,v055,h07,2025-12-31 17:27:00,2025-12-31 18:05:52.415764,ontime,8.02,0,0,4.31,14.59,1
dl00052,o00554,d168,v020,h08,2025-05-06 10:37:00,2025-05-06 20:57:25.303009,delayed,26.380000000000003,1,1,2.52,24.54,1
dl00053,o00302,d018,v099,h01,2025-07-10 18:38:00,2025-07-11 17:06:29.590655,ontime,14.14,0,0,3.63,10.32,1
dl00054,o01044,d117,v079,h01,2025-02-14 07:41:00,2025-02-14 20:37:54.180405,delayed,29.8,1,0,4.7,22.28,1
dl00055,o00819,d069,v018,h04,2025-04-28 21:37:00,2025-04-29 04:45:04.624638,delayed,35.07,5,1,2.78,22.2,1
dl00056,o00698,d137,v081,h08,2024-10-22 21:45:00,2024-10-22 22:00:19.303026,ontime,13.46,2,0,4.01,6.52,1
dl00057,o00921,d141,v077,h04,2024-12-09 10:53:00,2024-12-09 20:18:39.821307,failed,10.91,0,0,1.22,6.59,1
dl00058,o01062,d125,v082,h02,2024-10-26 18:46:00,2024-10-26 22:22:57.920354,ontime,15.33,0,0,5.0,7.95,1
dl00059,o00521,d027,v088,h05,2025-11-26 14:07:00,2025-11-26 18:49:47.422787,delayed,36.28,3,0,3.11,17.45,1
dl00060,o00236,d005,v026,h02,2024-11-26 16:01:00,nan,delayed,13.92,1,1,2.35,9.48,1
dl00061,o00635,d083,v059,h08,2024-12-06 06:18:00,2024-12-06 05:02:21.529834,ontime,10.51,1,0,3.8,10.6,1
dl00062,o00567,d061,v007,h02,2024-02-24 16:31:00,2024-02-25 15:31:54.277282,ontime,1.2,0,0,5.0,7.32,1
dl00063,o00931,d154,v094,h03,2024-03-07 11:20:00,2024-03-07 15:02:37.855092,ontime,15.95,0,0,5.0,14.6,1
dl00064,o01236,d075,v004,h03,2025-05-30 00:35:00,2025-05-30 23:36:22.924966,delayed,10.36,0,0,2.34,7.13,1
dl00065,o01234,d050,v065,h01,2024-02-24 01:55:00,2024-02-24 01:52:27.078194,ontime,1.67,1,0,4.63,6.2,1
dl00066,o00568,d118,v083,h01,2025-12-19 20:41:00,2025-12-20 00:15:32.806881,ontime,22.39,0,0,4.03,18.25,1
dl00067,o00842,d152,v023,h01,2025-07-04 04:43:00,2025-07-04 14:29:14.573095,ontime,12.34,1,0,4.61,11.04,1
dl00068,o00828,d104,v046,h08,2024-02-19 15:15:00,2024-02-21 03:47:37.311854,failed,19.75,1,0,3.73,16.14,1
dl00069,o01039,d010,v074,h07,2025-05-01 11:46:00,2025-05-01 19:43:03.174703,failed,16.76,1,0,4.17,10.73,1
dl00070,o00370,d018,v036,h07,2024-11-21 18:37:00,2024-11-21 21:57:39.434015,ontime,16.35,0,0,4.64,18.11,1
dl00071,o00796,d093,v080,h02,2025-01-28 06:57:00,2025-01-28 22:41:11.982767,delayed,20.37,1,0,3.57,18.14,1
dl00072,o00402,d110,v027,h05,2025-11-20 06:20:00,2025-11-20 19:21:38.642714,delayed,28.51,0,0,3.28,15.11,1
dl00073,o00421,d141,v092,h08,2025-07-23 07:06:00,2025-07-24 05:47:40.524208,ontime,19.34,3,0,4.68,17.54,1
dl00074,o01195,d030,v092,h04,2025-01-04 08:41:00,2025-01-05 00:01:18.848212,failed,17.61,1,0,4.42,14.79,1
dl00075,o01239,d169,v047,h02,2024-08-06 04:24:00,2024-08-06 05:22:04.347228,ontime,13.25,3,0,3.24,11.94,1
dl00076,o00815,d120,v004,h01,2024-02-25 17:02:00,2024-02-26 17:44:41.639612,ontime,27.51,3,0,5.0,15.16,1
dl00077,o01040,d094,v067,h04,2025-12-27 22:16:00,2025-12-28 11:51:46.015071,delayed,32.97,3,0,2.81,18.07,1
dl00078,o00173,d144,v088,h02,2025-02-18 08:26:00,2025-02-19 03:34:49.179226,failed,10.92,1,0,2.87,9.05,1
dl00079,o00920,d009,v102,h08,2024-08-01 12:06:00,2024-08-01 23:56:00.561663,ontime,7.18,0,0,4.91,12.79,1
dl00080,o01137,d030,v022,h04,2025-10-14 08:21:00,2025-10-14 08:32:00.000000,ontime,16.29,0,0,4.42,14.17,1
dl00081,o00716,d166,v056,h04,2024-10-22 06:38:00,2024-10-22 19:18:42.594052,delayed,9.77,1,1,3.58,12.68,1
dl00082,o00669,d008,v048,h03,2025-07-15 15:38:00,2025-07-16 00:44:17.490179,ontime,3.98,1,0,4.76,5.86,1
dl00083,o00451,d053,v043,h05,2025-02-15 18:28:00,2025-02-16 13:33:28.440507,delayed,2.13,0,0,1.44,11.27,1
dl00084,o00784,d063,v117,h05,2025-03-07 03:24:00,2025-03-08 07:43:35.335286,failed,6.83,0,0,3.63,9.07,1
dl00085,o00160,d127,v032,h06,2024-08-20 19:18:00,nan,ontime,9.49,5,0,3.85,16.32,1
dl00086,o01013,d159,v063,h02,2025-08-22 17:32:00,2025-08-22 19:39:11.266878,ontime,17.4,0,0,3.75,12.23,1
dl00087,o00630,d034,v099,h07,2025-03-28 15:08:00,2025-03-28 15:28:40.004969,ontime,17.98,0,0,4.11,13.23,1
dl00088,o00657,d088,v043,h04,2024-02-28 23:43:00,2024-02-29 03:16:11.448581,ontime,5.99,0,0,4.43,2.5,1
dl00089,o00241,d010,v112,h03,2025-04-01 15:27:00,2025-04-01 20:28:34.310529,failed,8.27,0,0,2.56,6.94,1
dl00090,o01097,d027,v065,h04,2024-07-14 23:21:00,2024-07-15 09:00:31.809183,ontime,33.86,3,0,4.76,24.2,1
dl00091,o00941,d116,v044,h04,2024-08-12 15:04:00,2024-08-12 14:48:31.759538,ontime,14.47,0,0,5.0,10.57,1
dl00092,o00736,d105,v016,h01,2024-01-25 00:39:00,2024-01-25 10:47:51.400345,ontime,7.66,1,0,4.72,8.17,1
dl00093,o00579,d028,v032,h05,2025-09-05 12:14:00,2025-09-05 12:49:10.392527,ontime,19.68,3,0,3.69,18.64,1
dl00094,o01026,d034,v012,h04,2025-05-26 22:56:00,2025-05-27 09:41:42.033675,delayed,4.66,0,0,3.72,16.6,1
dl00095,o00416,d031,v005,h08,2024-01-07 23:00:00,2024-01-07 21:37:11.579245,ontime,28.69,1,0,5.0,13.48,1
dl00096,o00961,d077,v110,h01,2025-03-18 16:23:00,nan,delayed,1.2,0,0,3.24,2.61,1
dl00097,o00794,d170,v109,h07,2024-07-16 22:51:00,2024-07-18 01:52:17.414330,failed,10.54,1,0,3.58,3.56,1
dl00098,o00631,d004,v072,h07,2025-07-05 09:16:00,2025-07-05 15:47:44.173074,failed,3.86,1,0,4.43,15.58,1
dl00099,o00835,d127,v093,h01,2024-05-26 18:57:00,2024-05-26 21:53:38.872935,ontime,5.6,2,0,4.75,13.26,1
dl00100,o00205,d120,v097,h05,2025-02-05 16:42:00,2025-02-06 07:09:53.748167,failed,8.64,0,0,3.14,13.47,1
dl00101,o00354,d141,v115,h06,2025-12-02 18:06:00,2025-12-02 19:18:47.006775,ontime,21.63,0,0,4.12,14.3,1
dl00102,o00578,d031,v022,h02,2024-03-04 09:56:00,2024-03-04 13:51:57.810092,delayed,9.18,0,0,3.08,11.31,1
dl00103,o00269,d004,v036,h04,2024-12-01 01:20:00,2024-12-01 21:58:15.862002,failed,6.26,2,0,2.24,9.31,1
dl00104,o00390,d102,v111,h06,2024-03-06 12:50:00,2024-03-06 20:08:19.088413,ontime,8.75,0,0,4.45,7.5,1
dl00105,o00596,d020,v043,h01,2025-10-02 04:09:00,2025-10-02 10:54:51.626370,ontime,18.52,0,0,3.73,20.45,1
dl00106,o00039,d040,v015,h05,2025-08-01 08:30:00,2025-08-01 12:18:45.005907,ontime,18.02,0,0,4.92,15.57,1
dl00107,o00175,d120,v074,h05,2025-12-19 20:22:00,2025-12-19 21:26:01.755844,ontime,6.47,1,0,4.69,8.8,1
dl00108,o00620,d084,v009,h06,2024-11-08 01:38:00,2024-11-08 03:02:54.779512,ontime,13.73,1,0,4.73,17.52,1
dl00109,o00019,d014,v083,h05,2024-03-31 09:02:00,2024-03-31 12:20:28.945640,ontime,16.7,1,0,3.52,16.91,1
dl00110,o00045,d024,v042,h03,2024-02-13 21:24:00,2024-02-14 01:15:37.449725,ontime,14.39,1,0,4.74,8.64,1
dl00111,o00105,d081,v090,h06,2024-07-09 23:17:00,2024-07-09 22:43:25.075981,ontime,18.8,0,0,5.0,20.02,1
dl00112,o00848,d068,v049,h05,2025-06-03 14:51:00,2025-06-03 20:37:51.660691,ontime,10.88,3,0,3.68,8.03,1
dl00113,o00607,d072,v083,h05,2025-08-30 19:15:00,2025-08-31 06:58:55.972500,ontime,7.42,0,0,2.94,15.7,1
dl00114,o01196,d074,v114,h02,2024-04-12 03:31:00,2024-04-12 20:47:55.665668,delayed,16.99,0,0,2.62,19.44,1
dl00115,o01132,d030,v116,h04,2025-05-04 01:04:00,2025-05-04 01:53:19.398895,ontime,18.75,1,0,4.35,8.08,1
dl00116,o00121,d023,v047,h06,2025-10-14 13:45:00,2025-10-15 08:06:51.715228,delayed,19.9,0,0,2.92,21.64,1
dl00117,o00559,d080,v119,h06,2025-04-24 08:49:00,2025-04-24 23:39:56.698972,delayed,11.84,0,1,2.46,17.91,1
dl00118,o00660,d143,v004,h01,2024-06-05 01:27:00,2024-06-05 16:05:09.661481,failed,11.45,3,0,2.16,8.94,1
dl00119,o01011,d076,v037,h03,2024-02-28 07:57:00,2024-02-29 14:55:52.373220,failed,32.37,3,0,1.71,25.09,1
dl00120,o00007,d128,v047,h06,2024-05-05 22:10:00,2024-05-06 07:05:17.555250,delayed,9.07,1,1,3.93,9.76,1
dl00121,o00091,d078,v100,h05,2024-03-14 02:36:00,2024-03-14 09:52:56.769516,ontime,18.81,0,0,3.92,11.62,1
dl00122,o00434,d122,v092,h01,2025-10-25 21:25:00,2025-10-25 20:15:00.000000,ontime,29.52,4,0,4.63,10.56,1
dl00123,o00284,d030,v025,h04,2024-04-02 13:26:00,2024-04-03 09:11:28.202168,ontime,13.45,2,0,4.75,12.86,1
dl00124,o00210,d113,v040,h05,2024-05-14 20:07:00,2024-05-15 00:02:59.084441,ontime,14.23,2,0,4.78,19.49,1
dl00125,o00472,d021,v109,h05,2024-02-22 10:05:00,2024-02-22 12:39:44.134262,ontime,14.25,3,0,3.68,12.59,1
dl00126,o00547,d159,v001,h07,2024-04-09 14:36:00,2024-04-10 19:11:28.149157,delayed,17.68,0,0,2.6,10.92,1
dl00127,o01072,d026,v099,h02,2024-10-05 00:19:00,2024-10-05 18:08:10.081712,delayed,16.56,2,0,2.12,11.9,1
dl00128,o00868,d089,v099,h07,2024-05-18 16:31:00,2024-05-18 18:54:46.916689,ontime,9.43,0,0,4.47,10.47,1
dl00129,o00425,d030,v078,h08,2024-11-27 08:41:00,2024-11-27 12:07:10.344970,ontime,21.27,3,0,5.0,11.59,1
dl00130,o00400,d113,v042,h03,2025-06-20 08:41:00,2025-06-20 12:30:11.038552,ontime,17.1,0,0,3.87,13.53,1
dl00131,o00890,d037,v096,h07,2025-07-05 10:26:00,2025-07-06 08:48:04.879458,ontime,16.59,0,0,4.33,3.25,1
dl00132,o00688,d058,v061,h03,2024-04-25 08:29:00,2024-04-25 16:02:10.123558,ontime,19.79,0,0,4.62,5.66,1
dl00133,o00761,d083,v070,h03,2025-08-12 05:33:00,2025-08-12 17:33:17.788692,ontime,17.73,1,0,3.29,10.88,1
dl00134,o00334,d135,v071,h03,2024-05-23 12:01:00,2024-05-23 14:46:57.080638,ontime,13.27,0,0,3.88,7.63,1
dl00135,o00225,d069,v075,h03,2025-07-28 04:31:00,2025-07-29 01:14:21.599308,failed,10.34,2,0,3.6,9.3,1
dl00136,o00527,d032,v106,h06,2024-04-05 06:41:00,2024-04-05 11:08:14.223396,ontime,4.06,1,0,4.45,5.7,1
dl00137,o01216,d053,v109,h07,2025-08-28 20:12:00,2025-08-29 00:36:58.972872,delayed,13.46,2,0,2.72,11.11,1
dl00138,o00705,d019,v071,h04,2025-09-09 22:58:00,2025-09-10 05:00:03.368430,ontime,11.23,2,0,4.75,15.22,1
dl00139,o01215,d140,v084,h05,2025-08-05 03:23:00,2025-08-05 12:37:39.102460,ontime,12.23,0,0,3.57,13.59,1
dl00140,o00656,d079,v050,h06,2025-01-08 00:27:00,2025-01-08 08:59:38.123736,delayed,15.69,0,1,2.23,11.96,1
dl00141,o00021,d166,v094,h04,2024-10-16 12:41:00,2024-10-16 12:59:34.243920,ontime,10.45,1,0,4.77,7.89,1
dl00142,o00612,d158,v016,h08,2025-05-19 20:32:00,2025-05-20 00:33:51.964249,ontime,4.04,2,0,3.27,15.78,1
dl00143,o00757,d026,v051,h04,2025-02-22 08:56:00,2025-02-23 01:28:41.984786,delayed,22.37,0,0,3.64,19.33,1
dl00144,o00170,d016,v016,h06,2024-06-24 09:02:00,2024-06-24 11:42:51.153127,ontime,25.98,4,0,4.84,27.38,1
dl00145,o00668,d155,v081,h06,2025-07-11 00:42:00,2025-07-11 05:33:45.592088,ontime,29.37,2,0,3.95,18.72,1
dl00146,o00058,d052,v094,h03,2025-12-16 06:56:00,2025-12-16 09:52:51.274465,ontime,22.04,0,0,4.37,6.16,1
dl00147,o01116,d123,v017,h06,2024-11-13 14:46:00,2024-11-13 19:29:47.090691,ontime,1.21,1,0,4.08,14.96,1
dl00148,o00817,d087,v120,h05,2025-12-31 09:02:00,2025-12-31 11:10:07.314150,ontime,16.75,1,0,4.04,15.84,1
dl00149,o00789,d024,v099,h08,2024-12-11 13:03:00,2024-12-11 17:56:25.028097,ontime,5.74,2,0,3.83,3.72,1
dl00150,o01164,d083,v042,h07,2025-06-09 18:46:00,2025-06-10 07:04:10.945640,delayed,10.43,0,0,2.83,10.61,1
dl00151,o00376,d131,v048,h03,2025-01-21 09:34:00,2025-01-21 19:14:52.380038,ontime,12.77,1,0,4.77,10.12,1
dl00152,o00146,d121,v047,h01,2025-10-10 01:22:00,2025-10-10 13:11:11.345292,ontime,3.02,0,0,4.71,8.34,1
dl00153,o00893,d115,v007,h01,2024-08-05 08:55:00,2024-08-06 02:10:16.054319,failed,12.85,1,0,3.96,15.21,1
dl00154,o00071,d018,v110,h08,2024-09-01 00:47:00,2024-09-01 02:07:26.317027,failed,7.04,1,0,4.2,5.23,1
dl00155,o00061,d048,v052,h02,2024-07-12 03:31:00,2024-07-12 08:43:58.748726,ontime,24.74,1,0,4.46,18.46,1
dl00156,o01086,d100,v085,h08,2024-03-05 21:40:00,2024-03-06 10:03:18.736184,delayed,31.74,2,0,2.18,17.62,1
dl00157,o01089,d144,v040,h06,2025-05-18 05:27:00,2025-05-18 08:03:36.606151,ontime,12.43,2,0,5.0,13.52,1
dl00158,o00643,d031,v072,h08,2025-04-10 19:05:00,2025-04-11 00:26:34.021654,delayed,29.34,3,0,3.8,15.45,1
dl00159,o00213,d120,v020,h05,2024-12-05 20:07:00,2024-12-06 08:13:18.738888,ontime,11.73,0,0,5.0,21.25,1
dl00160,o00874,d108,v085,h04,2024-06-15 16:06:00,2024-06-15 21:00:31.761224,ontime,16.67,1,0,5.0,9.13,1
dl00161,o00624,d055,v098,h01,2025-04-13 04:37:00,2025-04-14 05:10:40.320423,ontime,16.98,0,0,4.28,11.8,1
dl00162,o00854,d122,v071,h02,2024-09-01 04:30:00,2024-09-01 10:10:41.965568,ontime,25.94,0,0,4.84,11.4,1
dl00163,o01007,d121,v056,h07,2024-09-24 08:50:00,2024-09-25 09:30:25.927484,delayed,9.31,0,0,2.51,8.76,1
dl00164,o00066,d045,v120,h03,2024-06-21 11:36:00,2024-06-21 14:46:30.898358,ontime,17.31,0,0,3.9,17.53,1
dl00165,o00852,d006,v022,h03,2025-07-13 18:06:00,2025-07-14 04:22:13.713354,delayed,8.64,0,1,4.55,2.5,1
dl00166,o00904,d091,v017,h04,2024-05-25 20:26:00,2024-05-26 10:51:28.099016,failed,24.07,0,0,2.08,13.51,1
dl00167,o00932,d116,v069,h08,2024-10-01 07:37:00,2024-10-01 19:14:50.088103,failed,19.44,0,0,2.56,13.3,1
dl00168,o00126,d100,v066,h01,2024-05-26 09:29:00,2024-05-27 03:28:20.235783,delayed,30.51,2,0,4.3,18.34,1
dl00169,o00996,d037,v115,h07,2025-04-26 07:29:00,2025-04-26 07:46:10.119404,ontime,10.5,2,0,4.08,10.38,1
dl00170,o00363,d020,v093,h04,2025-06-04 03:57:00,2025-06-04 05:40:45.827408,ontime,10.59,0,0,4.07,10.74,1
dl00171,o01055,d096,v085,h07,2025-08-13 19:47:00,2025-08-13 23:52:05.486628,ontime,23.42,1,0,4.35,13.6,1
dl00172,o00127,d132,v106,h06,2025-11-08 04:29:00,2025-11-08 16:24:08.173876,delayed,13.58,2,1,4.36,11.2,1
dl00173,o00459,d131,v026,h08,2025-11-28 08:52:00,2025-11-29 15:17:47.295669,delayed,15.37,0,0,3.88,6.1,1
dl00174,o00162,d020,v066,h07,2025-12-14 04:21:00,2025-12-14 14:45:39.043652,ontime,9.9,2,0,4.18,9.86,1
dl00175,o00583,d036,v118,h03,2025-04-17 21:40:00,2025-04-18 00:57:45.636508,ontime,15.62,1,0,3.93,9.26,1
dl00176,o01200,d061,v116,h05,2024-02-23 08:31:00,2024-02-23 13:20:44.267798,ontime,16.02,0,0,4.36,16.67,1
dl00177,o00164,d123,v045,h01,2024-03-23 14:11:00,2024-03-24 11:34:32.627966,ontime,8.31,0,0,4.85,9.58,1
dl00178,o01166,d024,v052,h05,2025-09-22 12:46:00,2025-09-22 22:06:17.558019,failed,13.01,2,1,3.36,6.79,1
dl00179,o00493,d016,v094,h08,2024-05-20 04:07:00,2024-05-20 19:35:01.117107,delayed,9.15,1,0,2.32,12.14,1
dl00180,o00137,d135,v054,h08,2025-03-14 19:37:00,2025-03-15 06:15:52.917076,ontime,19.65,0,0,4.25,14.94,1
dl00181,o00450,d073,v014,h02,2024-08-25 23:47:00,2024-08-25 23:58:42.961492,ontime,12.74,1,0,5.0,14.37,1
dl00182,o00096,d071,v102,h04,2024-07-13 18:06:00,2024-07-13 18:46:16.627804,ontime,7.62,0,0,4.64,14.41,1
dl00183,o00808,d049,v065,h05,2024-09-06 07:26:00,2024-09-06 12:08:53.674289,ontime,15.14,0,0,4.23,13.23,1
dl00184,o01005,d023,v096,h07,2025-05-01 19:42:00,2025-05-03 02:37:43.403054,failed,13.78,0,0,2.96,13.86,1
dl00185,o01217,d008,v065,h01,2024-01-26 00:13:00,2024-01-26 11:26:56.498085,ontime,15.39,3,0,4.76,13.61,1
dl00186,o00798,d006,v081,h06,2024-01-14 04:23:00,2024-01-14 07:07:14.801241,ontime,14.26,1,0,4.91,4.79,1
dl00187,o00439,d111,v069,h05,2024-03-05 22:08:00,2024-03-06 15:17:27.866312,failed,17.61,1,0,1.53,16.92,1
dl00188,o00739,d008,v075,h08,2025-04-13 23:14:00,2025-04-14 09:05:27.436648,ontime,5.37,0,0,5.0,5.73,1
dl00189,o01227,d011,v118,h06,2024-11-05 11:52:00,2024-11-05 18:23:23.067031,failed,14.51,1,0,2.43,12.83,1
dl00190,o00875,d039,v003,h07,2025-10-31 23:21:00,2025-11-01 08:44:27.167343,ontime,2.25,0,0,4.79,7.74,1
dl00191,o00755,d161,v006,h08,2025-08-21 05:02:00,2025-08-21 12:04:57.236329,ontime,13.55,0,0,3.48,21.6,1
dl00192,o00118,d095,v112,h04,2025-08-18 22:16:00,2025-08-19 03:23:10.590397,ontime,14.13,0,0,4.64,16.49,1
dl00193,o00032,d017,v013,h08,2025-09-16 00:28:00,2025-09-15 23:38:00.000000,ontime,14.01,4,0,3.54,9.08,1
dl00194,o00422,d053,v110,h01,2025-08-07 09:57:00,2025-08-07 22:44:40.533037,delayed,8.77,2,0,2.58,9.97,1
dl00195,o00462,d162,v028,h06,2025-03-03 20:56:00,2025-03-04 07:39:20.158477,delayed,13.0,1,0,1.04,10.71,1
dl00196,o00469,d111,v009,h08,2024-09-19 00:27:00,2024-09-19 00:29:59.873621,ontime,13.83,1,0,3.85,12.41,1
dl00197,o00478,d163,v053,h02,2025-04-21 00:07:00,2025-04-21 01:03:50.907972,ontime,11.17,0,0,5.0,2.84,1
dl00198,o00465,d156,v111,h04,2024-12-08 07:33:00,2024-12-08 12:46:07.626495,delayed,8.01,0,0,3.38,10.98,1
dl00199,o00821,d086,v088,h05,2025-01-25 03:15:00,2025-01-25 08:28:34.398516,ontime,24.31,1,0,4.36,18.49,1
dl00200,o00406,d160,v106,h06,2025-01-05 13:23:00,2025-01-05 14:10:14.767186,ontime,31.46,2,0,4.38,16.38,1
dl00201,o00008,d036,v041,h03,2024-04-03 20:22:00,2024-04-03 20:46:56.611810,ontime,14.08,0,0,5.0,12.87,1
dl00202,o01057,d028,v054,h06,2025-03-23 12:38:00,2025-03-23 18:02:58.624138,delayed,19.31,2,0,3.67,17.41,1
dl00203,o00901,d107,v086,h08,2025-12-08 09:18:00,2025-12-08 16:36:10.578825,delayed,9.36,2,0,4.52,7.69,1
dl00204,o00025,d108,v062,h08,2025-01-10 22:15:00,2025-01-11 05:19:27.680020,ontime,11.32,1,0,4.64,15.67,1
dl00205,o00375,d039,v024,h03,2024-09-17 23:26:00,2024-09-18 02:13:34.429413,ontime,7.16,3,0,4.17,12.58,1
dl00206,o00634,d045,v107,h02,2024-07-07 14:19:00,2024-07-07 17:45:48.033486,ontime,17.47,1,0,4.49,15.56,1
dl00207,o01035,d121,v114,h04,2024-03-17 00:24:00,2024-03-17 06:31:20.483060,ontime,18.52,1,0,4.4,11.28,1
dl00208,o00964,d087,v018,h01,2024-04-13 03:27:00,2024-04-13 22:30:31.511760,failed,21.73,0,1,3.09,13.36,1
dl00209,o01154,d057,v107,h06,2024-09-05 16:29:00,nan,ontime,11.22,1,0,4.31,13.88,1
dl00210,o01191,d142,v016,h02,2024-02-19 19:24:00,2024-02-19 23:40:57.531907,delayed,16.24,3,0,3.43,13.43,1
dl00211,o01017,d102,v006,h08,2025-12-30 15:47:00,2025-12-30 19:01:17.386185,ontime,12.39,1,0,4.57,13.18,1
dl00212,o01105,d142,v041,h01,2025-06-18 18:46:00,2025-06-19 18:15:30.156582,delayed,13.85,1,1,4.29,11.45,1
dl00213,o00807,d025,v073,h02,2025-10-16 07:59:00,2025-10-16 10:10:20.184358,ontime,8.57,0,0,4.33,10.42,1
dl00214,o00552,d096,v010,h04,2025-11-09 03:20:00,2025-11-09 06:33:06.774900,ontime,6.09,0,0,3.02,7.3,1
dl00215,o01042,d100,v102,h06,2024-08-26 13:15:00,2024-08-27 08:07:20.123858,delayed,22.0,1,0,4.79,19.64,1
dl00216,o00167,d146,v019,h07,2024-04-27 21:19:00,2024-04-28 19:51:43.999646,ontime,30.01,0,0,3.37,18.54,1
dl00217,o01194,d020,v030,h01,2024-08-08 01:50:00,2024-08-08 01:09:07.153624,ontime,22.61,1,0,4.41,12.17,1
dl00218,o00136,d149,v010,h03,2024-11-27 17:12:00,2024-11-27 22:54:50.864773,delayed,3.51,1,0,3.27,4.15,1
dl00219,o00513,d087,v118,h07,2024-08-07 05:33:00,2024-08-07 09:00:38.553343,ontime,14.41,1,0,4.59,12.65,1
dl00220,o00859,d079,v107,h08,2024-03-21 03:17:00,2024-03-21 07:59:50.954517,ontime,33.71,4,0,5.0,13.79,1
dl00221,o00594,d151,v092,h02,2024-03-11 21:43:00,2024-03-11 22:58:44.220273,ontime,12.09,3,0,3.25,11.03,1
dl00222,o01010,d121,v045,h06,2024-05-18 21:01:00,2024-05-18 23:50:57.890175,ontime,9.72,0,0,5.0,8.53,1
dl00223,o00740,d155,v085,h08,2024-05-22 15:11:00,2024-05-22 20:28:55.835439,delayed,12.99,0,0,3.19,12.3,1
dl00224,o00960,d034,v040,h07,2025-01-20 03:14:00,2025-01-20 03:27:00.000000,ontime,11.88,0,0,3.79,14.2,1
dl00225,o00056,d150,v044,h05,2025-10-05 20:44:00,2025-10-06 00:53:02.095072,ontime,6.21,2,0,3.98,14.94,1
dl00226,o00823,d119,v030,h06,2025-02-05 21:33:00,2025-02-06 09:56:15.951005,delayed,9.28,0,0,2.17,10.29,1
dl00227,o01138,d083,v114,h04,2024-02-08 18:51:00,2024-02-08 20:38:03.973692,ontime,16.490000000000002,2,0,4.65,13.68,1
dl00228,o01094,d052,v085,h04,2024-08-22 11:22:00,2024-08-22 10:34:20.985351,ontime,6.68,2,0,4.05,11.59,1
dl00229,o00518,d050,v036,h02,2025-12-11 02:26:00,2025-12-11 13:40:02.515856,ontime,14.89,0,0,3.97,13.89,1
dl00230,o00303,d055,v037,h06,2025-07-22 05:41:00,2025-07-23 00:56:58.415169,failed,14.85,1,0,2.34,13.21,1
dl00231,o00670,d014,v046,h05,2024-03-27 23:40:00,2024-03-28 02:54:39.523324,ontime,13.07,0,0,4.72,3.86,1
dl00232,o00397,d050,v101,h06,2025-06-18 19:47:00,2025-06-19 09:18:18.249166,ontime,29.8,1,0,3.71,14.58,1
dl00233,o01173,d094,v020,h04,2024-02-08 11:24:00,2024-02-08 17:48:05.084656,ontime,5.36,0,0,4.5,11.41,1
dl00234,o00340,d056,v028,h01,2025-02-10 03:37:00,2025-02-10 06:18:46.049848,ontime,13.52,1,0,2.88,6.77,1
dl00235,o00507,d022,v109,h05,2025-12-13 06:42:00,2025-12-14 03:05:08.091772,failed,18.87,0,0,3.68,19.15,1
dl00236,o00013,d163,v009,h07,2024-03-29 22:48:00,2024-03-30 20:39:02.394303,ontime,20.12,2,0,3.74,17.02,1
dl00237,o00082,d135,v099,h06,2024-07-30 05:49:00,2024-07-30 15:01:15.776025,ontime,12.83,1,0,3.62,20.26,1
dl00238,o00979,d146,v077,h04,2025-01-08 05:27:00,2025-01-08 15:41:00.475033,ontime,14.2,2,0,4.02,13.01,1
dl00239,o00052,d019,v010,h06,2024-08-14 09:02:00,2024-08-15 01:09:18.015871,delayed,13.6,1,0,3.72,16.0,1
dl00240,o01169,d131,v070,h06,2025-11-06 15:56:00,2025-11-07 02:10:49.323911,failed,38.25,1,0,3.34,21.21,1
dl00241,o00187,d155,v084,h07,2024-12-30 18:28:00,2024-12-31 04:43:09.844483,ontime,10.78,0,0,5.0,15.96,1
dl00242,o00119,d137,v108,h07,2024-05-25 22:51:00,2024-05-26 08:01:37.790962,delayed,4.26,2,0,1.93,17.11,1
dl00243,o00544,d099,v079,h04,2024-06-14 20:33:00,2024-06-15 20:11:53.741981,ontime,14.39,1,0,4.52,10.27,1
dl00244,o00610,d024,v077,h03,2024-07-21 19:36:00,2024-07-22 17:48:27.423191,ontime,6.55,0,0,4.87,10.1,1
dl00245,o01206,d047,v061,h01,2024-11-16 00:30:00,2024-11-16 03:42:19.846988,ontime,16.57,1,0,4.28,17.58,1
dl00246,o00603,d016,v061,h05,2024-02-25 01:31:00,2024-02-25 21:51:52.790634,ontime,20.51,0,0,4.05,12.98,1
dl00247,o00881,d056,v100,h08,2024-12-31 12:39:00,2024-12-31 18:10:16.768203,ontime,11.09,0,0,4.04,5.77,1
dl00248,o00799,d099,v047,h02,2025-08-22 18:02:00,2025-08-23 17:33:16.669312,ontime,7.06,1,0,5.0,13.65,1
dl00249,o00770,d139,v107,h06,2024-07-20 09:45:00,2024-07-20 17:43:30.442864,delayed,15.28,0,1,3.02,15.91,1
dl00250,o00977,d092,v067,h03,2024-08-27 17:43:00,2024-08-27 19:38:27.825277,ontime,6.39,0,0,4.03,7.45,1
dl00251,o00122,d005,v030,h06,2024-02-10 16:00:00,2024-02-11 06:46:03.568269,failed,14.27,0,0,3.89,16.33,1
dl00252,o00713,d109,v001,h05,2024-07-10 01:06:00,2024-07-10 05:10:04.532246,ontime,11.34,0,0,4.06,10.82,1
dl00253,o00325,d126,v033,h08,2024-09-30 05:43:00,2024-09-30 07:09:22.633894,ontime,5.12,1,0,4.24,9.16,1
dl00254,o00933,d053,v084,h05,2024-12-29 13:26:00,2024-12-29 18:18:06.932349,ontime,11.34,1,0,4.09,12.33,1
dl00255,o00908,d154,v032,h06,2025-07-02 02:14:00,2025-07-02 12:52:13.920416,delayed,28.05,3,0,3.35,18.76,1
dl00256,o00389,d105,v088,h01,2025-01-22 12:35:00,2025-01-22 19:44:37.435823,delayed,8.17,1,0,3.16,14.91,1
dl00257,o00103,d034,v038,h02,2024-01-26 14:25:00,2024-01-27 12:53:16.844122,delayed,15.88,1,0,3.54,14.05,1
dl00258,o01230,d003,v093,h02,2024-05-26 21:11:00,2024-05-27 03:52:09.653128,delayed,15.09,2,0,3.74,8.22,1
dl00259,o00266,d120,v096,h06,2024-10-04 19:45:00,2024-10-05 01:21:38.291899,delayed,16.86,1,0,1.0,19.95,1
dl00260,o00152,d001,v114,h04,2024-09-03 19:25:00,2024-09-04 16:41:43.922337,ontime,21.6,0,0,3.32,17.16,1
dl00261,o00445,d051,v079,h02,2025-04-19 01:20:00,2025-04-19 11:53:50.948058,failed,10.73,1,1,3.18,9.58,1
dl00262,o00762,d134,v038,h08,2025-04-09 22:31:00,2025-04-09 23:27:49.931018,ontime,5.51,0,0,4.14,10.11,1
dl00263,o01006,d048,v098,h01,2025-12-29 14:58:00,2025-12-30 04:56:17.180320,delayed,15.66,1,0,2.55,9.31,1
dl00264,o00802,d073,v067,h08,2024-02-14 07:30:00,2024-02-15 08:17:05.653632,ontime,11.61,0,0,4.33,11.38,1
dl00265,o00253,d119,v054,h03,2024-06-28 11:02:00,2024-06-28 13:40:12.117454,ontime,14.43,0,0,4.54,15.01,1
dl00266,o01041,d154,v058,h06,2024-07-03 16:53:00,nan,ontime,9.09,0,0,4.73,15.87,1
dl00267,o00665,d090,v015,h08,2024-02-17 14:27:00,2024-02-17 16:12:15.501233,ontime,7.98,1,0,4.96,8.83,1
dl00268,o00030,d008,v056,h02,2025-10-05 03:47:00,nan,ontime,8.7,1,0,3.88,15.46,1
dl00269,o00131,d085,v052,h06,2024-06-29 23:38:00,2024-07-01 10:09:10.323380,delayed,16.05,1,0,1.96,13.91,1
dl00270,o00764,d104,v023,h08,2024-07-14 11:50:00,2024-07-15 02:05:57.442199,failed,5.37,1,0,4.29,12.93,1
dl00271,o00193,d036,v017,h06,2024-01-22 16:51:00,2024-01-23 01:31:56.632521,delayed,9.24,2,0,4.25,2.78,1
dl00272,o00494,d132,v028,h05,2025-09-02 15:53:00,2025-09-02 15:52:14.905393,ontime,21.67,1,0,4.27,20.58,1
dl00273,o00492,d071,v049,h01,2025-10-16 03:34:00,2025-10-16 06:45:29.870072,ontime,9.75,0,0,2.95,14.1,1
dl00274,o01198,d080,v080,h02,2025-01-13 05:25:00,2025-01-13 06:53:29.209324,ontime,9.06,0,0,4.14,6.22,1
dl00275,o00697,d002,v012,h07,2025-02-09 18:46:00,2025-02-09 23:36:15.049502,ontime,1.96,0,0,4.25,8.32,1
dl00276,o00531,d119,v014,h02,2025-04-26 10:59:00,2025-04-27 08:38:51.218057,ontime,30.31,2,0,4.17,18.74,1
dl00277,o00942,d104,v117,h04,2025-01-09 09:51:00,2025-01-09 19:32:27.546472,ontime,7.7,2,0,4.03,12.17,1
dl00278,o00203,d135,v070,h07,2024-07-05 21:38:00,2024-07-06 14:21:54.442674,failed,3.93,2,0,3.49,3.82,1
dl00279,o00201,d032,v111,h01,2025-05-13 17:15:00,2025-05-13 20:41:51.542934,ontime,11.65,2,0,4.15,8.01,1
dl00280,o00535,d037,v010,h03,2024-12-18 08:55:00,nan,ontime,13.44,1,0,4.63,15.09,1
dl00281,o00801,d123,v046,h02,2024-03-29 16:47:00,2024-03-29 19:57:12.212231,ontime,24.03,1,0,4.79,22.2,1
dl00282,o01232,d045,v114,h03,2024-01-18 22:52:00,2024-01-19 02:56:30.044466,ontime,14.86,1,0,3.5,16.26,1
dl00283,o01212,d142,v068,h08,2024-08-01 12:31:00,nan,ontime,18.32,2,0,3.76,18.79,1
dl00284,o00999,d089,v075,h03,2024-06-30 12:34:00,2024-07-01 08:34:00.640399,ontime,2.53,0,0,3.73,4.03,1
dl00285,o00442,d001,v097,h07,2025-06-22 14:54:00,2025-06-22 17:41:05.902000,ontime,9.22,0,0,4.95,8.62,1
dl00286,o00059,d038,v047,h05,2025-11-20 19:24:00,nan,delayed,13.74,0,1,3.32,7.06,1
dl00287,o00352,d138,v099,h01,2024-05-19 17:01:00,2024-05-19 21:25:24.547937,ontime,36.08,2,0,4.24,24.5,1
dl00288,o00636,d004,v064,h03,2024-06-20 10:05:00,2024-06-20 21:12:47.425266,delayed,14.61,0,0,1.0,15.39,1
dl00289,o00233,d027,v095,h01,2024-12-24 20:17:00,2024-12-24 18:09:00.000000,ontime,13.45,3,0,4.34,9.29,1
dl00290,o00524,d035,v083,h03,2025-06-20 16:54:00,2025-06-20 19:14:45.474692,ontime,30.93,0,0,5.0,19.1,1
dl00291,o00485,d100,v068,h04,2024-11-27 02:51:00,2024-11-27 04:40:02.445388,ontime,17.86,1,0,3.97,19.28,1
dl00292,o00811,d149,v103,h01,2024-05-09 08:13:00,2024-05-09 11:59:25.379839,ontime,15.21,1,0,4.41,18.9,1
dl00293,o00888,d098,v104,h07,2024-06-13 07:40:00,2024-06-13 10:45:19.325161,ontime,16.53,1,0,3.97,12.62,1
dl00294,o00443,d093,v100,h08,2025-10-20 02:48:00,2025-10-20 11:47:02.861673,ontime,12.21,0,0,4.39,15.82,1
dl00295,o01101,d131,v087,h07,2024-01-14 09:50:00,2024-01-14 14:16:20.091051,ontime,20.39,2,0,5.0,18.38,1
dl00296,o01064,d062,v044,h03,2025-12-22 19:59:00,2025-12-23 10:18:27.445268,delayed,16.44,2,0,4.7,11.33,1
dl00297,o01109,d107,v018,h01,2025-12-08 15:52:00,nan,ontime,33.69,1,0,3.55,22.27,1
dl00298,o01051,d111,v109,h05,2025-06-06 07:00:00,2025-06-06 23:06:57.382276,delayed,11.95,0,0,3.03,8.36,1
dl00299,o01061,d121,v088,h07,2024-04-29 22:39:00,2024-04-29 23:45:53.493983,ontime,15.83,3,0,4.49,12.5,1
dl00300,o00222,d039,v056,h05,2024-09-25 13:54:00,2024-09-25 13:33:56.991734,ontime,10.01,1,0,3.41,14.32,1
dl00301,o01152,d165,v009,h04,2025-03-13 00:37:00,2025-03-13 23:37:06.560164,ontime,9.27,0,0,5.0,9.21,1
dl00302,o01208,d117,v008,h06,2024-04-18 21:38:00,2024-04-19 09:44:14.799027,ontime,14.89,0,0,3.6,10.25,1
dl00303,o00813,d143,v005,h06,2025-10-14 00:12:00,2025-10-14 05:00:10.581519,ontime,10.29,1,0,5.0,18.54,1
dl00304,o00433,d036,v024,h08,2024-10-29 16:23:00,2024-10-30 06:42:08.707870,failed,11.81,0,1,2.83,10.31,1
dl00305,o00584,d028,v045,h06,2024-07-06 01:06:00,2024-07-06 04:24:49.446131,ontime,27.25,0,0,3.81,15.04,1
dl00306,o01168,d136,v099,h07,2024-12-15 22:14:00,2024-12-16 09:57:18.304523,delayed,34.53,4,1,2.96,19.47,1
dl00307,o00699,d089,v021,h03,2024-09-22 15:57:00,2024-09-23 01:06:05.325869,ontime,11.84,1,0,3.9,12.44,1
dl00308,o00495,d146,v046,h01,2024-01-16 01:13:00,2024-01-16 07:46:08.760014,ontime,8.6,0,0,3.55,10.89,1
dl00309,o00783,d164,v089,h02,2024-06-28 23:56:00,2024-06-29 03:09:24.133659,ontime,10.02,0,0,3.2,6.99,1
dl00310,o00285,d149,v077,h08,2025-01-05 13:48:00,2025-01-05 21:27:35.577931,ontime,9.55,2,0,4.67,12.27,1
dl00311,o00797,d086,v077,h05,2025-03-23 04:36:00,2025-03-23 08:18:19.597633,ontime,8.21,2,0,5.0,10.01,1
dl00312,o00204,d142,v043,h03,2025-10-22 23:06:00,2025-10-23 17:41:31.231144,failed,31.38,0,0,4.79,14.35,1
dl00313,o00601,d136,v005,h08,2025-05-23 04:56:00,2025-05-23 11:22:17.637305,ontime,17.43,2,0,3.9,12.77,1
dl00314,o00499,d078,v092,h08,2024-06-11 07:00:00,2024-06-11 09:11:43.991103,ontime,5.63,2,0,4.16,6.47,1
dl00315,o01107,d082,v041,h04,2024-01-25 08:28:00,2024-01-26 02:41:51.339470,delayed,37.41,2,0,4.22,17.73,1
dl00316,o00081,d108,v095,h08,2025-04-17 15:01:00,2025-04-18 07:30:05.752336,failed,7.85,1,0,4.11,9.08,1
dl00317,o00711,d105,v106,h06,2024-12-15 15:16:00,2024-12-15 16:55:42.081483,ontime,13.76,1,0,4.67,13.99,1
dl00318,o00281,d054,v041,h03,2024-12-03 07:14:00,2024-12-03 09:03:19.830677,ontime,26.53,3,0,4.48,16.02,1
dl00319,o00937,d153,v103,h04,2024-04-24 08:08:00,2024-04-25 03:22:25.571685,failed,1.2,0,0,2.72,10.96,1
dl00320,o01030,d059,v006,h08,2025-08-29 10:29:00,2025-08-29 14:24:55.246235,ontime,5.12,1,0,5.0,10.77,1
dl00321,o00438,d119,v052,h03,2025-12-29 18:51:00,2025-12-29 22:33:53.325115,ontime,8.71,3,0,4.26,14.34,1
dl00322,o01025,d023,v030,h04,2024-04-29 16:53:00,2024-04-30 08:03:31.403272,delayed,11.02,1,0,5.0,13.23,1
dl00323,o00666,d011,v107,h04,2025-08-26 20:36:00,2025-08-27 21:37:46.153565,ontime,24.58,3,0,4.21,18.25,1
dl00324,o00455,d042,v059,h07,2024-08-14 04:59:00,2024-08-14 10:11:51.273104,failed,21.07,1,0,3.21,12.52,1
dl00325,o00582,d108,v001,h08,2024-11-06 12:05:00,2024-11-06 11:51:52.065126,ontime,14.87,0,0,5.0,14.0,1
dl00326,o00500,d137,v103,h07,2024-07-30 17:04:00,2024-07-31 05:16:59.302762,ontime,17.24,0,0,4.02,17.18,1
dl00327,o00418,d102,v023,h04,2025-11-07 07:55:00,2025-11-07 19:57:47.382670,ontime,9.17,0,0,4.78,9.88,1
dl00328,o00060,d009,v072,h02,2024-05-10 18:12:00,2024-05-10 23:00:20.975877,ontime,4.02,1,0,3.26,8.95,1
dl00329,o00805,d100,v047,h08,2025-10-01 20:47:00,2025-10-01 23:37:09.410468,ontime,1.62,0,0,4.03,11.74,1
dl00330,o00246,d049,v026,h04,2024-12-14 03:40:00,2024-12-14 21:45:40.052829,failed,15.83,1,0,2.59,16.95,1
dl00331,o01059,d005,v036,h07,2025-11-23 22:50:00,2025-11-24 01:57:10.991964,ontime,12.94,2,0,3.72,15.48,1
dl00332,o00949,d121,v088,h06,2025-04-15 19:23:00,2025-04-16 22:34:29.222918,delayed,5.96,1,0,3.42,9.99,1
dl00333,o00930,d119,v063,h06,2025-08-20 08:58:00,2025-08-20 16:13:50.998376,delayed,21.85,0,0,1.76,16.51,1
dl00334,o00925,d018,v093,h03,2024-11-15 22:49:00,2024-11-16 17:18:41.963453,failed,17.65,0,1,3.01,12.27,1
dl00335,o00347,d082,v069,h05,2025-09-01 08:39:00,2025-09-01 19:54:32.954454,ontime,12.56,0,0,4.4,15.64,1
dl00336,o00891,d076,v071,h03,2025-02-21 18:25:00,nan,ontime,6.82,1,0,3.73,6.0,1
dl00337,o00659,d116,v100,h06,2024-11-14 19:53:00,2024-11-15 05:59:09.777871,ontime,23.37,1,0,4.48,14.95,1
dl00338,o00331,d085,v053,h05,2024-02-23 09:42:00,2024-02-23 14:36:51.779770,ontime,12.27,2,0,4.32,14.93,1
dl00339,o00593,d073,v111,h04,2025-06-22 11:57:00,2025-06-22 16:52:49.829827,delayed,4.33,0,0,1.57,12.76,1
dl00340,o00435,d086,v024,h05,2024-09-19 13:43:00,2024-09-19 14:58:25.664734,ontime,22.6,0,0,3.8,20.75,1
dl00341,o01203,d050,v037,h07,2024-11-13 21:57:00,2024-11-14 21:39:10.558162,ontime,2.78,0,0,3.72,12.39,1
dl00342,o00123,d028,v090,h08,2024-07-14 07:47:00,2024-07-15 04:17:08.927278,failed,6.8,0,0,2.47,8.94,1
dl00343,o00505,d015,v012,h04,2025-03-29 21:38:00,2025-03-30 10:54:47.382876,ontime,34.31,1,0,2.98,15.09,1
dl00344,o00238,d164,v081,h02,2024-08-28 12:22:00,2024-08-28 15:44:24.161498,ontime,11.63,0,0,5.0,11.55,1
dl00345,o01175,d036,v007,h06,2024-11-04 13:11:00,nan,ontime,8.75,1,0,4.22,2.72,1
dl00346,o00614,d097,v060,h03,2025-02-06 00:08:00,2025-02-05 23:06:08.578620,ontime,15.26,1,0,3.93,14.52,1
dl00347,o00343,d026,v030,h03,2024-12-09 02:01:00,2024-12-09 11:31:00.186861,delayed,15.62,0,1,3.94,18.0,1
dl00348,o00754,d098,v062,h01,2024-10-07 23:24:00,2024-10-08 16:07:55.556410,delayed,2.21,4,0,2.89,13.34,1
dl00349,o00231,d016,v042,h07,2024-12-16 02:23:00,2024-12-16 09:57:31.805029,delayed,15.82,0,0,2.75,11.11,1
dl00350,o01209,d019,v017,h06,2025-06-14 03:56:00,2025-06-14 09:51:38.918546,failed,13.23,1,0,3.05,11.77,1
dl00351,o00069,d142,v050,h07,2024-05-19 21:58:00,2024-05-20 09:27:10.018280,ontime,33.129999999999995,0,0,4.53,22.56,1
dl00352,o00989,d133,v112,h05,2024-03-08 14:47:00,2024-03-09 06:10:35.262310,failed,9.57,0,0,2.25,15.47,1
dl00353,o00159,d018,v014,h03,2024-09-14 23:08:00,2024-09-15 09:25:14.900209,ontime,4.49,0,0,3.9,6.4,1
dl00354,o00776,d014,v034,h04,2025-03-03 01:09:00,2025-03-03 05:31:01.221882,ontime,10.43,0,0,4.54,9.64,1
dl00355,o00561,d162,v106,h07,2025-06-02 10:12:00,2025-06-02 18:34:59.818071,delayed,7.43,1,0,3.96,12.85,1
dl00356,o01181,d031,v118,h04,2024-02-24 01:34:00,2024-02-24 05:12:32.309441,ontime,13.12,0,0,4.84,6.12,1
dl00357,o00235,d134,v030,h08,2025-12-22 12:39:00,2025-12-23 01:10:03.126008,delayed,14.75,1,0,3.27,7.91,1
dl00358,o00497,d022,v005,h02,2025-11-22 01:45:00,2025-11-23 02:04:47.304047,delayed,19.28,1,0,3.57,14.5,1
dl00359,o00654,d068,v057,h01,2025-06-18 22:44:00,2025-06-20 08:19:56.137076,delayed,18.71,1,1,2.94,15.84,1
dl00360,o00595,d100,v062,h02,2024-03-05 07:09:00,2024-03-06 01:44:19.453287,delayed,12.5,1,0,2.59,21.14,1
dl00361,o00377,d007,v051,h07,2024-07-22 23:59:00,2024-07-23 12:06:00.358864,ontime,25.24,0,0,4.4,13.28,1
dl00362,o00460,d156,v012,h04,2024-12-09 18:44:00,2024-12-09 19:57:19.363281,ontime,6.09,0,0,3.51,8.56,1
dl00363,o00710,d069,v090,h07,2025-02-17 14:58:00,2025-02-17 20:44:29.402310,ontime,19.08,1,0,5.0,17.76,1
dl00364,o00277,d056,v014,h04,2024-01-14 01:45:00,2024-01-14 08:12:31.903105,ontime,23.79,1,0,3.98,11.43,1
dl00365,o00861,d064,v012,h01,2025-09-05 09:13:00,2025-09-05 09:38:01.068912,ontime,10.33,0,0,4.19,9.22,1
dl00366,o00910,d146,v095,h06,2025-07-24 04:05:00,2025-07-24 11:38:55.420285,ontime,17.03,0,0,3.63,18.63,1
dl00367,o00575,d128,v106,h02,2025-08-15 07:04:00,2025-08-15 20:10:40.282041,delayed,3.02,0,0,2.94,16.73,1
dl00368,o00474,d147,v067,h01,2025-03-22 20:07:00,2025-03-22 19:20:56.392732,ontime,35.4,2,0,3.94,18.88,1
dl00369,o00366,d011,v044,h05,2024-02-12 22:37:00,2024-02-14 06:15:16.530828,delayed,13.48,0,0,1.44,12.48,1
dl00370,o00902,d131,v021,h05,2024-09-22 21:11:00,2024-09-23 05:17:24.341218,delayed,1.87,3,0,1.24,10.71,1
dl00371,o01079,d158,v069,h03,2024-03-31 08:45:00,2024-04-01 08:18:08.744449,ontime,17.43,0,0,3.57,10.98,1
dl00372,o00300,d087,v090,h02,2024-04-02 01:57:00,2024-04-02 04:31:19.626971,ontime,6.81,0,0,4.87,8.41,1
dl00373,o00282,d058,v081,h05,2024-01-20 06:39:00,2024-01-20 23:38:53.202677,delayed,11.36,0,1,4.04,23.6,1
dl00374,o00841,d090,v061,h01,2025-09-26 21:47:00,2025-09-27 05:08:21.607477,ontime,23.47,5,0,3.73,14.32,1
dl00375,o00466,d102,v021,h05,2024-01-07 05:49:00,2024-01-07 11:01:08.925355,ontime,22.12,1,0,4.22,17.86,1
dl00376,o01104,d090,v114,h04,2024-09-21 17:50:00,2024-09-22 04:54:45.274892,ontime,6.72,0,0,4.51,5.92,1
dl00377,o00510,d075,v113,h07,2024-11-23 00:12:00,2024-11-23 15:31:47.790489,failed,5.45,4,0,2.23,10.45,1
dl00378,o00070,d111,v037,h02,2025-05-13 23:09:00,2025-05-14 15:42:14.054302,failed,7.92,0,0,2.14,7.93,1
dl00379,o01127,d018,v020,h02,2024-03-17 03:56:00,nan,ontime,17.4,1,0,3.6,14.92,1
dl00380,o00120,d130,v106,h01,2024-06-16 04:55:00,2024-06-16 10:04:33.075437,ontime,39.900000000000006,2,0,3.71,19.33,1
dl00381,o00488,d015,v005,h05,2025-08-29 19:57:00,2025-08-30 01:45:13.017030,ontime,11.24,0,0,5.0,10.97,1
dl00382,o00141,d163,v021,h02,2024-12-05 21:45:00,2024-12-05 20:24:16.997321,ontime,7.31,0,0,4.39,11.68,1
dl00383,o00846,d057,v017,h08,2025-07-27 23:24:00,2025-07-28 06:19:36.333860,delayed,9.53,1,1,2.92,9.76,1
dl00384,o00618,d017,v054,h05,2025-11-19 13:06:00,2025-11-20 14:27:52.039382,failed,14.52,4,0,2.82,10.94,1
dl00385,o00617,d123,v086,h08,2024-03-30 09:37:00,2024-03-30 08:15:11.016084,ontime,17.51,1,0,4.44,14.04,1
dl00386,o00135,d144,v002,h05,2025-04-25 03:12:00,2025-04-26 22:39:24.905513,failed,1.21,1,0,3.35,13.97,1
dl00387,o00274,d016,v017,h01,2025-10-03 21:33:00,2025-10-05 15:40:35.899437,failed,11.96,0,0,2.85,11.86,1
dl00388,o00886,d088,v086,h05,2024-12-11 11:37:00,2024-12-11 14:15:40.274228,ontime,10.71,1,0,4.64,9.36,1
dl00389,o00649,d054,v065,h01,2025-03-02 03:12:00,2025-03-02 07:50:19.231032,ontime,12.41,1,0,4.57,12.55,1
dl00390,o01242,d013,v052,h02,2025-09-08 23:34:00,2025-09-08 22:52:36.699661,ontime,12.86,0,0,4.75,11.06,1
dl00391,o00242,d119,v060,h06,2024-11-05 05:50:00,2024-11-05 08:19:49.718245,ontime,20.65,0,0,3.63,15.9,1
dl00392,o00832,d063,v021,h04,2024-06-06 15:50:00,2024-06-07 05:31:03.475456,delayed,4.77,1,1,1.15,12.67,1
dl00393,o01128,d108,v060,h04,2024-03-12 19:57:00,2024-03-13 03:36:11.659720,failed,13.97,1,0,3.11,5.79,1
dl00394,o00718,d145,v079,h02,2025-02-27 04:58:00,2025-02-27 07:05:30.365586,ontime,15.43,0,0,4.14,8.78,1
dl00395,o00219,d012,v072,h06,2024-05-30 02:33:00,2024-05-30 04:15:54.426350,ontime,10.75,0,0,4.29,6.99,1
dl00396,o01093,d105,v063,h06,2024-10-30 00:23:00,2024-10-30 09:36:43.398508,ontime,14.79,2,0,4.55,21.09,1
dl00397,o01199,d125,v049,h04,2024-03-10 16:57:00,2024-03-10 19:12:57.054704,delayed,10.5,2,0,4.61,9.36,1
dl00398,o00671,d106,v099,h05,2025-01-24 17:36:00,2025-01-24 23:28:38.031355,delayed,1.2,1,0,3.08,9.73,1
dl00399,o00966,d129,v107,h08,2025-04-17 00:14:00,2025-04-17 16:46:22.816860,delayed,5.64,1,0,2.38,12.78,1
dl00400,o00867,d165,v037,h06,2024-02-01 22:23:00,2024-02-02 20:40:14.586855,failed,25.59,2,0,2.48,16.84,1
dl00401,o00870,d067,v009,h08,2024-10-27 15:49:00,2024-10-28 00:42:45.072317,ontime,10.23,0,0,4.47,6.79,1
dl00402,o00539,d037,v005,h03,2024-12-04 02:08:00,2024-12-04 04:09:15.722168,ontime,10.83,0,0,5.0,9.69,1
dl00403,o00044,d131,v092,h07,2025-11-02 10:07:00,2025-11-02 12:43:42.885570,ontime,11.6,1,0,4.58,13.74,1
dl00404,o00502,d049,v025,h02,2024-04-03 03:48:00,2024-04-03 04:25:17.871676,ontime,7.84,0,0,3.14,11.38,1
dl00405,o00684,d052,v116,h01,2024-11-24 16:21:00,2024-11-25 13:22:50.972127,ontime,12.83,0,0,4.04,16.99,1
dl00406,o00720,d126,v006,h01,2024-08-29 21:02:00,2024-08-29 20:33:10.585204,ontime,29.85,1,0,5.0,15.78,1
dl00407,o00598,d010,v068,h06,2025-10-29 01:00:00,2025-10-29 22:58:05.130431,ontime,6.92,0,0,4.04,10.86,1
dl00408,o01019,d071,v057,h08,2024-04-16 01:49:00,2024-04-16 04:58:04.426005,ontime,8.49,0,0,3.3,8.4,1
dl00409,o00348,d047,v094,h04,2025-03-17 00:31:00,2025-03-16 22:30:00.000000,ontime,8.1,0,0,2.89,10.1,1
dl00410,o00249,d042,v004,h05,2024-11-07 21:14:00,2024-11-08 03:32:06.075323,delayed,5.13,3,0,4.44,9.64,1
dl00411,o00108,d122,v065,h01,2024-11-30 15:03:00,2024-11-30 22:46:22.839111,ontime,11.22,0,0,4.68,5.75,1
dl00412,o00156,d025,v114,h02,2024-04-24 08:07:00,2024-04-24 13:40:54.128195,ontime,8.68,0,0,4.63,8.76,1
dl00413,o01077,d046,v035,h01,2024-08-30 00:32:00,2024-08-30 11:34:46.079286,failed,6.34,1,0,4.22,10.75,1
dl00414,o00704,d002,v083,h02,2024-03-12 18:01:00,2024-03-12 20:55:25.078529,ontime,8.47,1,0,5.0,14.75,1
dl00415,o01145,d116,v031,h03,2024-02-22 02:27:00,2024-02-23 02:36:12.176009,ontime,13.31,0,0,4.23,10.05,1
dl00416,o00293,d067,v059,h04,2025-04-09 18:24:00,2025-04-10 00:16:42.565598,ontime,4.61,1,0,4.01,10.53,1
dl00417,o00615,d054,v085,h04,2025-02-08 21:37:00,2025-02-08 23:17:10.791004,ontime,13.05,0,0,4.08,18.58,1
dl00418,o00075,d167,v019,h06,2024-11-02 06:29:00,2024-11-02 08:58:56.396803,ontime,4.73,1,0,5.0,10.5,1
dl00419,o00782,d043,v109,h06,2024-04-17 03:24:00,2024-04-17 05:51:51.721133,ontime,12.37,0,0,5.0,12.37,1
dl00420,o00412,d093,v078,h05,2024-10-08 14:08:00,2024-10-08 18:14:08.619955,ontime,10.0,0,0,4.12,9.3,1
dl00421,o00286,d026,v039,h02,2025-07-05 22:02:00,2025-07-06 03:09:23.122074,ontime,17.73,1,0,4.49,8.92,1
dl00422,o01178,d135,v066,h01,2024-01-13 23:04:00,2024-01-13 23:29:03.604429,ontime,14.18,0,0,4.88,10.37,1
dl00423,o01245,d113,v110,h05,2025-10-05 16:04:00,2025-10-05 14:27:00.000000,ontime,22.08,1,0,4.11,10.84,1
dl00424,o00503,d061,v007,h08,2024-08-18 00:53:00,2024-08-18 03:41:51.773806,ontime,8.14,1,0,5.0,14.49,1
dl00425,o00564,d070,v090,h04,2024-09-03 00:37:00,2024-09-03 11:49:53.800069,ontime,13.09,1,0,4.82,4.86,1
dl00426,o00814,d150,v053,h05,2025-03-26 04:54:00,2025-03-26 14:37:28.110426,ontime,12.88,1,0,4.57,19.14,1
dl00427,o00414,d165,v058,h07,2025-04-05 22:47:00,2025-04-06 01:32:54.763589,ontime,9.53,0,0,3.92,9.98,1
dl00428,o00496,d109,v073,h07,2024-06-17 16:14:00,2024-06-17 19:20:06.689019,ontime,10.72,0,0,4.32,7.53,1
dl00429,o00738,d030,v021,h07,2024-11-28 07:27:00,2024-11-28 18:58:36.387688,delayed,41.94,3,1,2.92,21.55,1
dl00430,o00779,d025,v065,h01,2025-07-25 14:03:00,2025-07-26 11:55:38.678980,ontime,12.92,0,0,5.0,11.78,1
dl00431,o00737,d164,v082,h01,2024-03-14 04:04:00,2024-03-14 04:29:01.839885,ontime,10.56,1,0,4.7,16.33,1
dl00432,o00658,d119,v011,h05,2025-07-24 13:29:00,2025-07-25 06:07:11.345733,failed,14.42,0,0,4.06,19.62,1
dl00433,o00148,d133,v056,h01,2025-04-03 23:41:00,2025-04-03 23:45:53.664975,ontime,14.34,2,0,2.92,12.9,1
dl00434,o00395,d031,v063,h04,2024-09-28 10:53:00,2024-09-28 18:08:55.461530,delayed,16.69,0,1,3.34,16.51,1
dl00435,o00198,d129,v087,h08,2024-09-13 18:46:00,2024-09-13 22:25:00.821660,ontime,10.63,0,0,5.0,4.82,1
dl00436,o01063,d034,v076,h04,2024-07-27 22:20:00,2024-07-28 11:09:31.719472,ontime,9.89,0,0,4.0,12.8,1
dl00437,o01223,d167,v120,h05,2025-01-11 00:36:00,2025-01-11 12:06:30.146218,ontime,13.43,0,0,4.8,11.05,1
dl00438,o00992,d083,v078,h04,2024-03-08 16:52:00,2024-03-09 09:52:27.867914,failed,27.82,1,0,3.12,15.69,1
dl00439,o00983,d117,v026,h07,2024-08-20 00:58:00,2024-08-20 12:12:47.434727,delayed,13.81,1,1,3.68,19.27,1
dl00440,o00758,d028,v046,h03,2024-02-26 13:10:00,2024-02-26 22:13:07.503199,delayed,10.74,4,0,3.54,9.77,1
dl00441,o00014,d141,v068,h01,2024-08-25 12:01:00,2024-08-25 15:01:44.356021,ontime,8.82,0,0,4.7,7.36,1
dl00442,o01090,d150,v099,h02,2025-09-11 20:27:00,2025-09-12 18:27:20.507484,ontime,8.63,1,0,4.98,6.69,1
dl00443,o01170,d070,v097,h06,2024-01-01 08:44:00,2024-01-01 16:11:11.563209,ontime,3.65,0,0,3.34,12.85,1
dl00444,o01221,d017,v109,h05,2024-04-13 09:44:00,2024-04-14 02:35:05.556300,failed,11.43,0,0,3.0,9.78,1
dl00445,o00055,d074,v008,h03,2025-05-31 02:19:00,2025-05-31 06:24:33.541055,delayed,37.02,0,0,3.55,21.88,1
dl00446,o00903,d002,v069,h07,2025-10-21 01:25:00,2025-10-21 07:22:35.310698,delayed,8.25,1,0,2.26,10.76,1
dl00447,o00812,d070,v043,h01,2025-04-12 19:06:00,2025-04-13 16:08:07.919948,ontime,9.36,1,0,4.55,9.47,1
dl00448,o01033,d101,v108,h03,2024-08-30 13:56:00,2024-08-30 13:47:00.000000,ontime,11.14,0,0,4.65,14.25,1
dl00449,o00454,d047,v025,h07,2025-04-15 03:39:00,2025-04-15 16:29:42.050340,ontime,14.65,0,0,4.58,12.62,1
dl00450,o01161,d049,v108,h06,2025-05-17 04:32:00,2025-05-18 01:37:48.885017,failed,10.61,1,0,3.99,12.55,1
dl00451,o01188,d145,v114,h01,2024-06-25 12:25:00,2024-06-25 12:45:53.535355,ontime,11.19,0,0,3.58,14.22,1
dl00452,o00468,d125,v051,h01,2024-03-29 12:52:00,2024-03-29 14:01:48.798026,ontime,8.52,1,0,3.65,12.49,1
dl00453,o00248,d130,v007,h06,2024-03-22 18:52:00,2024-03-22 23:50:03.774317,ontime,11.9,1,0,4.04,8.88,1
dl00454,o00408,d102,v088,h04,2024-09-14 14:20:00,2024-09-15 12:01:49.742714,ontime,8.57,0,0,3.94,18.59,1
dl00455,o00914,d094,v098,h01,2024-04-12 08:41:00,2024-04-12 12:45:47.285486,ontime,10.3,1,0,4.14,7.0,1
dl00456,o00157,d037,v035,h02,2024-09-16 20:38:00,2024-09-16 22:39:02.594617,ontime,26.36,0,0,4.83,10.84,1
dl00457,o00092,d110,v099,h06,2025-04-24 17:52:00,2025-04-24 20:46:39.551014,ontime,14.85,2,0,4.55,10.8,1
dl00458,o00172,d109,v119,h05,2025-01-17 19:21:00,2025-01-18 10:08:30.423180,delayed,6.39,0,0,3.34,10.15,1
dl00459,o00831,d005,v084,h01,2025-02-27 09:04:00,2025-02-27 19:44:33.695510,failed,9.02,2,0,2.73,7.17,1
dl00460,o00522,d026,v103,h05,2024-02-09 11:26:00,2024-02-10 12:31:24.364078,ontime,14.04,1,0,3.86,13.03,1
dl00461,o00862,d089,v006,h08,2025-01-29 15:08:00,2025-01-29 16:46:22.767038,ontime,18.99,0,0,4.06,16.11,1
dl00462,o00099,d131,v058,h04,2025-10-04 22:47:00,2025-10-05 08:13:05.592425,ontime,16.049999999999997,4,0,4.99,15.19,1
dl00463,o00271,d102,v023,h07,2025-09-17 00:16:00,2025-09-17 03:09:39.905714,ontime,8.97,0,0,3.56,12.95,1
dl00464,o01124,d017,v016,h04,2024-05-02 17:53:00,2024-05-02 19:40:27.608348,ontime,16.51,0,0,3.76,9.45,1
dl00465,o00820,d080,v074,h08,2024-05-01 18:26:00,2024-05-01 22:52:34.351693,ontime,11.27,0,0,4.84,13.89,1
dl00466,o00183,d098,v007,h01,2024-09-02 14:06:00,2024-09-02 13:58:40.175324,ontime,3.81,0,0,5.0,10.68,1
dl00467,o00511,d078,v067,h05,2024-06-06 11:55:00,2024-06-07 08:33:53.897421,ontime,14.94,1,0,3.76,7.49,1
dl00468,o00519,d150,v022,h03,2025-04-20 06:37:00,2025-04-20 05:10:00.000000,ontime,19.78,0,0,3.78,19.89,1
dl00469,o00458,d027,v042,h03,2025-04-10 03:03:00,2025-04-11 05:15:10.466183,delayed,12.11,0,0,3.8,16.42,1
dl00470,o00562,d004,v120,h08,2024-07-21 10:43:00,2024-07-21 14:49:27.695889,ontime,3.36,2,0,3.97,13.27,1
dl00471,o01049,d088,v068,h01,2025-10-17 08:34:00,2025-10-17 18:06:53.601277,ontime,17.09,1,0,4.21,16.47,1
dl00472,o00042,d113,v046,h01,2025-12-01 19:10:00,2025-12-03 08:16:03.110618,delayed,10.28,0,0,3.59,5.13,1
dl00473,o00180,d105,v071,h07,2024-12-29 08:17:00,2024-12-30 05:50:08.150454,ontime,14.15,7,0,4.01,6.22,1
dl00474,o00067,d004,v017,h04,2025-02-25 03:48:00,2025-02-25 07:16:13.969650,ontime,2.66,0,0,4.36,9.21,1
dl00475,o01121,d074,v027,h07,2024-06-03 08:50:00,2024-06-03 17:50:35.358594,ontime,3.63,2,0,4.29,9.74,1
dl00476,o00849,d094,v035,h07,2024-05-06 00:48:00,2024-05-06 14:59:17.100441,delayed,15.93,1,0,4.07,10.87,1
dl00477,o00613,d162,v002,h03,2025-12-02 22:57:00,2025-12-03 10:47:11.610255,delayed,25.16,1,0,4.04,23.03,1
dl00478,o00947,d133,v109,h05,2024-01-31 17:32:00,2024-02-01 03:51:28.208192,delayed,9.6,2,0,1.46,11.77,1
dl00479,o00533,d091,v047,h01,2024-11-03 02:54:00,2024-11-03 19:36:46.278515,delayed,3.46,0,0,1.0,14.35,1
dl00480,o00978,d119,v044,h07,2025-09-11 07:01:00,2025-09-12 01:49:05.346029,ontime,24.44,0,0,4.53,8.9,1
dl00481,o01095,d077,v086,h04,2024-03-14 17:15:00,2024-03-14 20:29:07.930187,ontime,16.16,1,0,3.89,22.66,1
dl00482,o00777,d141,v118,h02,2025-10-19 00:12:00,2025-10-19 22:22:41.203962,failed,11.35,1,1,2.32,18.23,1
dl00483,o00036,d135,v017,h06,2024-11-06 05:51:00,2024-11-06 11:52:01.051436,delayed,8.41,0,1,4.57,9.29,1
dl00484,o00437,d144,v079,h02,2025-09-25 07:59:00,2025-09-25 13:47:34.696350,ontime,21.25,2,0,3.95,12.17,1
dl00485,o00449,d121,v061,h03,2025-06-08 03:10:00,2025-06-08 01:22:24.218429,ontime,16.11,1,0,1.99,12.64,1
dl00486,o00306,d052,v114,h01,2024-06-14 17:09:00,2024-06-15 05:57:57.188614,failed,14.52,0,1,4.61,14.81,1
dl00487,o01111,d054,v027,h03,2024-11-15 00:10:00,2024-11-15 04:17:33.739828,ontime,12.36,0,0,4.26,12.09,1
dl00488,o01053,d038,v014,h08,2025-10-23 03:57:00,2025-10-23 08:18:12.147470,ontime,3.33,0,0,4.04,10.75,1
dl00489,o00911,d130,v112,h02,2025-05-20 23:09:00,2025-05-21 00:26:05.202498,ontime,12.53,1,0,3.28,16.53,1
dl00490,o00701,d039,v035,h04,2025-12-15 21:19:00,2025-12-16 19:49:17.202716,failed,1.65,1,0,4.24,10.31,1
dl00491,o00181,d124,v113,h08,2024-12-16 02:36:00,2024-12-16 03:51:28.734813,ontime,33.46,3,0,4.46,16.73,1
dl00492,o00035,d100,v108,h06,2024-06-14 15:50:00,2024-06-15 05:51:47.019652,failed,9.55,0,0,1.99,9.2,1
dl00493,o00803,d017,v070,h03,2025-08-09 20:37:00,2025-08-09 23:43:05.330497,ontime,4.68,0,0,4.83,11.06,1
dl00494,o00322,d072,v058,h08,2025-03-11 22:48:00,2025-03-12 01:38:13.776857,ontime,14.05,2,0,4.29,11.2,1
dl00495,o01189,d129,v006,h05,2024-05-23 01:38:00,2024-05-23 04:12:11.690549,ontime,33.39,2,0,4.94,19.23,1
dl00496,o00622,d142,v102,h02,2024-04-23 18:22:00,2024-04-24 16:12:08.253404,ontime,7.97,2,0,4.18,11.59,1
dl00497,o00192,d083,v116,h08,2025-08-18 14:17:00,2025-08-20 03:34:36.170242,failed,12.14,1,0,3.23,11.88,1
dl00498,o01205,d091,v018,h08,2024-12-20 02:21:00,2024-12-20 05:11:42.324554,ontime,8.6,0,0,3.75,2.93,1
dl00499,o01144,d053,v038,h01,2025-02-07 22:48:00,2025-02-08 17:25:46.790590,delayed,10.41,0,0,3.5,10.6,1
dl00500,o00556,d017,v063,h02,2024-09-01 03:37:00,2024-09-01 05:39:15.173184,ontime,6.73,1,0,3.72,11.11,1
dl00501,o01211,d114,v087,h06,2025-11-12 07:51:00,2025-11-13 07:44:27.569654,ontime,9.66,0,0,4.47,15.25,1
dl00502,o01190,d114,v026,h03,2025-11-24 18:47:00,2025-11-24 23:48:20.579555,ontime,9.61,3,0,3.78,6.03,1
dl00503,o00760,d154,v014,h07,2024-03-14 23:28:00,2024-03-15 20:48:21.177033,ontime,12.95,0,0,3.97,10.7,1
dl00504,o00679,d023,v098,h08,2024-11-15 04:30:00,2024-11-16 02:36:46.022359,ontime,6.55,1,0,5.0,12.11,1
dl00505,o00833,d170,v017,h08,2025-05-05 04:31:00,2025-05-05 20:10:37.600890,failed,12.0,3,1,2.71,12.22,1
dl00506,o00094,d077,v079,h05,2024-09-27 03:56:00,2024-09-27 16:59:08.774450,delayed,17.369999999999997,2,0,3.11,9.14,1
dl00507,o00396,d021,v030,h07,2025-04-30 00:13:00,nan,delayed,15.18,2,0,2.53,10.76,1
dl00508,o00161,d015,v025,h03,2024-08-19 19:52:00,2024-08-20 07:24:22.258983,ontime,12.14,0,0,4.66,14.06,1
dl00509,o00719,d116,v086,h01,2024-01-04 19:33:00,2024-01-05 05:38:11.606195,delayed,16.37,0,0,1.0,11.37,1
dl00510,o00359,d057,v004,h01,2024-08-17 23:15:00,2024-08-18 20:50:19.862546,ontime,12.07,0,0,4.04,18.19,1
dl00511,o01237,d123,v083,h05,2025-12-30 09:00:00,2025-12-31 04:46:44.532285,delayed,9.94,0,0,1.37,10.76,1
dl00512,o00224,d040,v029,h07,2024-05-22 23:18:00,2024-05-24 08:58:29.649915,delayed,8.4,3,1,3.51,11.49,1
dl00513,o00420,d168,v043,h02,2025-01-25 09:44:00,2025-01-25 21:24:13.161385,delayed,12.02,0,0,3.75,18.86,1
dl00514,o01250,d165,v052,h03,2024-06-28 09:25:00,2024-06-28 15:00:52.039877,delayed,10.32,3,0,2.35,7.89,1
dl00515,o00619,d130,v005,h04,2025-09-01 14:52:00,2025-09-02 00:12:38.168449,failed,17.55,3,1,3.24,21.0,1
dl00516,o00337,d141,v117,h01,2024-11-05 06:45:00,2024-11-05 16:55:42.237731,delayed,21.23,2,0,1.57,10.77,1
dl00517,o00509,d104,v088,h08,2024-08-26 19:01:00,2024-08-26 19:33:26.376954,ontime,14.73,4,0,4.99,16.75,1
dl00518,o00984,d041,v024,h06,2025-04-15 00:21:00,2025-04-15 04:48:27.290762,ontime,15.41,0,0,4.92,19.09,1
dl00519,o00446,d096,v065,h07,2025-03-22 14:42:00,2025-03-22 21:54:23.825692,ontime,29.8,2,0,4.04,10.84,1
dl00520,o00429,d055,v040,h01,2025-03-09 11:12:00,2025-03-09 21:37:26.844290,delayed,3.14,1,0,3.03,11.42,1
dl00521,o00606,d038,v036,h08,2025-10-17 17:03:00,nan,failed,5.35,2,0,2.51,7.1,1
dl00522,o00296,d129,v013,h04,2024-01-10 19:26:00,2024-01-11 00:39:30.858716,ontime,10.01,0,0,4.54,8.94,1
dl00523,o00714,d026,v076,h01,2024-05-26 19:04:00,2024-05-27 15:57:10.253711,ontime,2.39,1,0,4.12,8.78,1
dl00524,o00683,d130,v005,h07,2025-05-01 08:21:00,2025-05-01 15:11:37.139494,ontime,16.66,2,0,4.83,17.68,1
dl00525,o00351,d038,v006,h01,2024-04-22 05:04:00,2024-04-22 05:42:26.815920,ontime,28.2,2,0,4.04,19.16,1
dl00526,o01045,d068,v027,h06,2024-08-26 13:19:00,2024-08-27 01:57:35.507434,delayed,12.18,0,0,4.34,10.18,1
dl00527,o00913,d108,v043,h07,2025-04-05 06:44:00,2025-04-05 11:51:23.882491,ontime,20.7,1,0,4.58,16.49,1
dl00528,o00826,d033,v008,h03,2024-04-06 07:05:00,2024-04-06 12:23:18.106390,ontime,24.17,2,0,4.66,20.91,1
dl00529,o00822,d088,v114,h06,2024-09-01 09:19:00,2024-09-01 21:28:05.123766,failed,1.2,0,0,2.64,7.53,1
dl00530,o00756,d095,v042,h01,2025-02-03 18:06:00,2025-02-05 09:39:56.840261,failed,30.51,2,0,2.54,19.5,1
dl00531,o00140,d163,v116,h04,2024-03-03 02:25:00,2024-03-03 03:18:14.371045,ontime,13.95,0,0,3.95,16.65,1
dl00532,o00315,d009,v104,h02,2024-12-25 03:30:00,2024-12-25 08:59:02.760085,ontime,16.49,1,0,4.55,10.37,1
dl00533,o00543,d135,v002,h08,2025-07-18 06:49:00,2025-07-18 18:51:59.960350,failed,34.15,2,0,2.69,21.32,1
dl00534,o00816,d166,v069,h08,2025-02-13 20:53:00,2025-02-14 10:48:17.655941,ontime,9.47,0,0,3.81,6.56,1
dl00535,o01058,d033,v094,h07,2025-05-09 00:57:00,2025-05-09 02:20:23.931566,ontime,23.45,3,0,3.15,18.56,1
dl00536,o01184,d055,v030,h01,2025-01-24 15:02:00,2025-01-25 19:26:40.923781,failed,7.04,2,0,1.07,14.06,1
dl00537,o00083,d153,v033,h07,2024-10-23 00:53:00,2024-10-23 01:25:13.645321,ontime,30.51,1,0,3.67,9.75,1
dl00538,o00682,d141,v015,h07,2024-10-05 12:07:00,2024-10-05 20:38:02.796068,delayed,8.55,0,1,2.66,3.46,1
dl00539,o01160,d067,v111,h03,2024-05-13 01:19:00,2024-05-13 03:22:01.712270,ontime,13.52,0,0,4.95,10.35,1
dl00540,o00068,d008,v072,h04,2025-10-13 12:06:00,2025-10-13 15:29:29.316851,delayed,16.2,2,0,3.21,16.04,1
dl00541,o01142,d022,v013,h04,2025-11-07 11:29:00,2025-11-08 09:47:08.900794,ontime,6.68,1,0,3.89,8.98,1
dl00542,o00415,d125,v114,h02,2024-06-27 18:22:00,2024-06-27 21:23:54.066359,ontime,7.18,0,0,4.19,5.99,1
dl00543,o00218,d102,v098,h03,2025-09-15 02:24:00,2025-09-15 02:34:49.446322,ontime,12.01,0,0,5.0,5.87,1
dl00544,o00345,d154,v082,h08,2025-10-04 22:41:00,2025-10-05 13:48:30.623730,delayed,13.93,2,0,3.17,8.53,1
dl00545,o01067,d113,v072,h04,2024-06-16 04:56:00,2024-06-17 00:22:38.764981,delayed,12.43,0,0,5.0,13.31,1
dl00546,o00324,d095,v052,h04,2025-08-06 07:36:00,2025-08-06 06:15:57.544779,ontime,8.95,2,0,4.11,10.57,1
dl00547,o00778,d014,v090,h05,2025-10-07 19:49:00,2025-10-07 21:46:03.475662,ontime,11.03,0,0,4.93,14.38,1
dl00548,o00537,d132,v039,h05,2024-06-25 11:02:00,2024-06-25 18:55:41.523219,failed,10.4,1,0,3.34,11.4,1
dl00549,o00476,d001,v094,h06,2024-02-23 06:45:00,2024-02-24 04:45:22.084547,ontime,10.11,0,0,4.67,14.59,1
dl00550,o00572,d110,v065,h01,2025-02-06 21:04:00,2025-02-07 00:38:52.069531,ontime,14.34,2,0,4.69,12.06,1
dl00551,o00448,d108,v114,h04,2025-02-11 16:05:00,2025-02-11 19:11:25.139103,ontime,18.74,3,0,4.79,21.38,1
dl00552,o00298,d115,v010,h01,2025-01-06 07:28:00,2025-01-06 09:41:48.771576,ontime,1.9,1,0,4.8,13.26,1
dl00553,o00491,d090,v066,h02,2024-07-03 16:22:00,2024-07-03 15:00:56.724747,ontime,13.19,2,0,4.66,10.34,1
dl00554,o00709,d117,v086,h04,2025-12-09 04:47:00,2025-12-09 15:45:16.170978,ontime,11.59,1,0,4.69,14.76,1
dl00555,o00839,d129,v013,h01,2024-01-31 20:31:00,2024-01-31 23:49:48.719703,ontime,6.51,2,0,3.97,11.19,1
dl00556,o00702,d070,v030,h07,2024-12-28 22:07:00,2024-12-28 23:26:56.318304,ontime,5.03,0,0,3.91,8.15,1
dl00557,o00781,d055,v027,h08,2024-11-19 14:07:00,2024-11-20 00:38:27.684151,ontime,17.54,2,0,5.0,13.31,1
dl00558,o00142,d024,v011,h05,2024-10-31 20:22:00,2024-11-01 11:32:26.519611,failed,14.64,1,0,1.0,18.56,1
dl00559,o00988,d131,v044,h05,2024-11-17 20:37:00,2024-11-18 16:31:21.183962,failed,6.97,2,0,1.92,11.38,1
dl00560,o00077,d127,v120,h08,2025-07-30 07:48:00,2025-07-30 11:13:32.980554,ontime,4.49,2,0,4.38,14.99,1
dl00561,o00086,d054,v005,h03,2024-07-20 06:42:00,2024-07-20 06:20:25.478336,ontime,7.67,2,0,3.5,19.2,1
dl00562,o00746,d128,v113,h08,2024-12-14 10:47:00,2024-12-14 15:16:25.399886,ontime,13.59,0,0,3.98,10.51,1
dl00563,o01238,d093,v045,h02,2025-04-18 05:35:00,2025-04-18 18:48:55.541447,ontime,10.07,1,0,5.0,12.75,1
dl00564,o00824,d077,v120,h03,2024-08-17 23:23:00,2024-08-18 08:25:18.768409,ontime,18.23,0,0,4.18,10.05,1
dl00565,o00344,d151,v022,h06,2024-08-28 08:16:00,2024-08-28 10:17:14.247044,ontime,14.95,2,0,3.82,8.75,1
dl00566,o01226,d162,v082,h03,2025-03-02 06:49:00,2025-03-02 13:57:14.169691,ontime,22.66,1,0,3.7,14.91,1
dl00567,o00918,d142,v051,h03,2024-11-26 06:40:00,2024-11-26 07:20:28.068828,ontime,10.47,0,0,4.8,11.4,1
dl00568,o00244,d167,v082,h04,2024-11-11 09:39:00,nan,ontime,11.52,0,0,5.0,9.33,1
dl00569,o00312,d066,v116,h01,2025-11-07 01:03:00,2025-11-07 05:18:29.822078,ontime,20.95,1,0,4.56,19.6,1
dl00570,o00319,d017,v028,h08,2024-01-22 10:23:00,2024-01-23 06:55:15.896869,ontime,20.67,1,0,5.0,9.88,1
dl00571,o00413,d003,v029,h01,2025-04-01 22:46:00,2025-04-02 03:26:31.358277,ontime,23.53,3,0,4.5,14.49,1
dl00572,o00905,d002,v048,h08,2025-09-04 03:45:00,2025-09-04 06:59:36.638257,ontime,8.35,3,0,3.96,11.45,1
dl00573,o01214,d118,v077,h02,2024-05-07 23:32:00,2024-05-08 01:20:03.169081,ontime,7.3,1,0,5.0,14.05,1
dl00574,o00693,d048,v016,h05,2025-11-08 19:41:00,2025-11-09 11:16:21.047564,failed,24.31,1,0,4.63,16.24,1
dl00575,o01177,d133,v105,h04,2024-10-17 04:35:00,2024-10-17 16:22:26.533829,ontime,12.03,2,0,4.05,10.65,1
dl00576,o00483,d133,v021,h08,2024-11-17 01:34:00,2024-11-17 16:32:57.970274,failed,13.83,1,0,5.0,16.98,1
dl00577,o00973,d108,v043,h05,2024-01-12 21:57:00,2024-01-12 22:09:43.637461,ontime,21.03,1,0,3.86,12.99,1
dl00578,o00115,d032,v108,h06,2024-02-21 08:24:00,2024-02-21 14:09:53.056302,ontime,11.09,0,0,4.55,7.9,1
dl00579,o00168,d103,v115,h03,2025-06-11 06:05:00,2025-06-11 21:51:41.279934,delayed,14.98,1,0,3.78,8.97,1
dl00580,o00063,d026,v066,h04,2025-07-13 06:28:00,2025-07-13 16:43:18.243380,ontime,15.1,1,0,4.99,17.2,1
dl00581,o00995,d139,v062,h01,2024-08-09 08:49:00,2024-08-10 09:03:16.605517,ontime,12.14,4,0,3.48,16.92,1
dl00582,o00765,d024,v091,h05,2024-07-13 04:34:00,2024-07-14 00:33:48.023452,failed,19.38,2,0,2.4,22.61,1
dl00583,o00064,d015,v098,h01,2025-10-14 08:48:00,2025-10-14 21:55:17.220317,ontime,14.6,1,0,4.53,6.16,1
dl00584,o00588,d043,v103,h05,2024-06-03 13:36:00,2024-06-03 14:45:41.100373,ontime,23.9,1,0,3.7,12.24,1
dl00585,o00132,d149,v049,h01,2025-01-22 10:55:00,2025-01-22 23:42:49.491594,delayed,1.2,1,0,3.52,10.18,1
dl00586,o01037,d076,v114,h03,2025-04-28 07:18:00,2025-04-28 14:44:30.163250,ontime,15.54,0,0,3.51,12.03,1
dl00587,o00182,d166,v009,h01,2024-01-12 10:05:00,2024-01-12 12:52:41.364362,ontime,4.98,1,0,4.15,3.57,1
dl00588,o00896,d131,v026,h06,2024-06-29 21:53:00,2024-06-30 14:00:23.479208,failed,10.09,1,0,3.18,11.57,1
dl00589,o00940,d141,v102,h01,2025-10-26 07:53:00,2025-10-26 22:11:25.201566,delayed,21.39,1,0,1.93,16.86,1
dl00590,o00229,d112,v017,h07,2024-08-31 05:34:00,2024-08-31 21:45:46.740651,delayed,7.56,4,0,3.44,12.03,1
dl00591,o00792,d087,v057,h01,2025-02-02 07:06:00,2025-02-02 11:27:14.267375,ontime,11.26,1,0,3.22,8.22,1
dl00592,o00526,d146,v001,h04,2024-01-19 17:17:00,2024-01-19 20:32:43.768544,ontime,17.21,2,0,4.58,20.05,1
dl00593,o01174,d110,v058,h03,2024-11-21 09:11:00,2024-11-21 16:20:12.976159,ontime,10.76,3,0,5.0,11.92,1
dl00594,o00267,d045,v064,h05,2024-01-16 23:13:00,2024-01-17 04:42:18.432187,ontime,32.25,0,0,4.02,20.99,1
dl00595,o01243,d139,v021,h01,2025-09-10 11:13:00,2025-09-10 20:20:03.690027,ontime,9.13,2,0,4.84,13.68,1
dl00596,o00427,d102,v065,h06,2025-06-21 23:24:00,2025-06-21 21:57:52.381021,ontime,16.37,0,0,4.1,8.58,1
dl00597,o00428,d049,v043,h07,2024-03-31 06:54:00,2024-03-31 06:32:00.000000,ontime,1.2,0,0,4.12,3.74,1
dl00598,o00753,d056,v032,h02,2025-01-18 05:04:00,2025-01-18 06:33:32.191118,ontime,40.68,1,0,4.66,18.96,1
dl00599,o01150,d133,v112,h01,2025-02-20 06:18:00,2025-02-20 07:36:40.669805,ontime,7.34,0,0,5.0,4.99,1
dl00600,o01099,d039,v114,h07,2024-04-05 23:46:00,2024-04-06 23:09:46.318144,ontime,10.4,1,0,3.91,11.24,1
dl00601,o00538,d166,v091,h08,2025-04-05 17:41:00,2025-04-05 16:25:34.808924,ontime,8.52,1,0,3.0,10.47,1
dl00602,o00318,d157,v009,h03,2024-08-17 01:09:00,2024-08-17 11:45:54.685050,delayed,7.02,1,1,2.86,11.51,1
dl00603,o00194,d069,v082,h05,2024-03-16 09:13:00,2024-03-16 08:57:07.960316,ontime,15.77,2,0,4.17,17.07,1
dl00604,o00294,d064,v111,h07,2025-01-05 17:44:00,2025-01-05 19:37:29.599098,ontime,20.21,1,0,4.67,17.56,1
dl00605,o00200,d093,v052,h02,2024-01-26 11:06:00,2024-01-26 15:50:01.016683,ontime,17.8,0,0,4.59,9.58,1
dl00606,o00012,d075,v112,h04,2024-01-16 13:32:00,2024-01-16 23:32:34.302064,ontime,13.39,0,0,4.12,13.11,1
dl00607,o00473,d119,v059,h01,2024-09-11 14:41:00,2024-09-11 13:15:00.000000,ontime,1.35,0,0,4.72,7.33,1
dl00608,o00357,d143,v042,h01,2024-12-28 16:27:00,2024-12-28 16:28:21.233113,ontime,9.33,2,0,4.24,8.18,1
dl00609,o00934,d062,v053,h01,2024-06-29 06:33:00,2024-06-29 22:14:24.213135,failed,17.27,3,0,2.25,9.71,1
dl00610,o00259,d055,v050,h05,2025-09-09 11:34:00,2025-09-10 11:09:42.800177,ontime,20.47,2,0,5.0,11.93,1
dl00611,o00243,d117,v020,h05,2024-03-08 05:50:00,2024-03-08 09:35:20.717227,ontime,12.23,1,0,3.99,12.18,1
dl00612,o00327,d166,v022,h07,2024-12-05 03:28:00,2024-12-05 03:46:56.748222,ontime,8.47,1,0,4.42,13.57,1
dl00613,o00361,d102,v020,h04,2024-01-16 11:16:00,2024-01-16 10:11:31.409394,ontime,14.31,2,0,4.93,15.26,1
dl00614,o00179,d087,v104,h03,2024-07-25 18:39:00,2024-07-26 05:26:49.966486,ontime,12.03,4,0,3.86,10.54,1
dl00615,o00627,d074,v069,h08,2025-04-22 20:08:00,2025-04-23 12:23:08.535650,delayed,7.97,2,0,4.04,13.12,1
dl00616,o01068,d041,v081,h08,2025-04-10 22:22:00,2025-04-11 05:25:01.394964,delayed,13.75,0,0,2.32,14.94,1
dl00617,o01023,d030,v045,h04,2024-11-04 00:22:00,2024-11-04 03:37:02.503074,ontime,13.63,0,0,4.33,8.71,1
dl00618,o01159,d046,v024,h06,2024-07-26 02:15:00,2024-07-26 23:53:29.739470,ontime,14.66,2,0,4.62,9.48,1
dl00619,o00589,d146,v070,h08,2024-05-23 06:26:00,2024-05-24 04:08:02.677492,failed,9.01,0,0,3.44,9.46,1
dl00620,o00642,d117,v098,h04,2024-06-28 03:31:00,2024-06-28 06:36:27.337495,ontime,11.79,0,0,5.0,14.82,1
dl00621,o00838,d044,v110,h07,2025-01-25 00:38:00,2025-01-25 03:06:47.098821,ontime,7.52,1,0,5.0,14.56,1
dl00622,o00939,d036,v097,h04,2025-01-24 02:51:00,2025-01-24 11:54:04.114992,ontime,12.19,1,0,5.0,10.0,1
dl00623,o00751,d166,v120,h03,2024-06-26 03:25:00,2024-06-26 07:03:25.132007,ontime,9.76,2,0,3.82,11.28,1
dl00624,o00486,d110,v098,h02,2024-08-12 17:01:00,2024-08-12 18:38:04.590348,ontime,19.21,0,0,4.04,15.84,1
dl00625,o00980,d098,v022,h04,2024-11-25 23:32:00,2024-11-26 15:30:09.084958,delayed,19.05,1,1,1.83,20.54,1
dl00626,o00088,d082,v085,h05,2024-06-14 11:04:00,2024-06-15 12:38:34.881047,ontime,18.51,1,0,4.57,17.13,1
dl00627,o00695,d142,v108,h06,2024-03-19 10:09:00,2024-03-19 13:51:55.023221,ontime,10.41,0,0,4.25,17.46,1
dl00628,o00166,d115,v095,h03,2025-05-30 18:43:00,2025-05-31 00:40:46.569082,delayed,10.81,1,0,4.06,11.58,1
dl00629,o00987,d057,v031,h08,2024-05-23 08:59:00,2024-05-24 06:48:42.857665,ontime,14.0,1,0,3.96,7.1,1
dl00630,o00342,d153,v004,h08,2025-11-13 00:22:00,2025-11-13 04:27:35.276518,ontime,13.33,0,0,3.97,5.52,1
dl00631,o01083,d124,v090,h01,2025-05-05 10:46:00,2025-05-06 00:19:38.465562,delayed,13.35,1,0,2.82,10.41,1
dl00632,o00498,d076,v084,h07,2024-10-28 08:11:00,2024-10-28 19:29:17.658601,delayed,13.26,0,0,1.74,14.75,1
dl00633,o00272,d127,v047,h05,2024-12-11 06:48:00,2024-12-12 05:20:32.062021,ontime,11.86,2,0,4.06,13.31,1
dl00634,o00245,d077,v032,h02,2025-08-08 19:33:00,2025-08-09 05:46:51.012604,delayed,11.96,1,0,2.3,9.41,1
dl00635,o00516,d053,v062,h06,2024-06-08 22:52:00,2024-06-09 07:32:45.394984,failed,13.35,1,0,3.18,14.1,1
dl00636,o00880,d054,v104,h04,2024-08-24 19:54:00,2024-08-25 19:15:28.926324,ontime,10.04,2,0,3.89,13.35,1
dl00637,o01069,d011,v046,h08,2025-08-25 03:45:00,2025-08-25 12:09:57.353857,ontime,7.12,0,0,3.8,8.9,1
dl00638,o00749,d091,v045,h05,2025-08-14 20:13:00,2025-08-15 07:31:38.980161,delayed,14.19,0,0,4.22,10.35,1
dl00639,o00090,d053,v073,h07,2024-10-23 06:26:00,2024-10-23 09:29:56.105722,ontime,9.72,0,0,4.45,16.68,1
dl00640,o00840,d119,v093,h08,2024-03-28 19:02:00,2024-03-28 22:58:27.534852,ontime,11.78,2,0,5.0,10.44,1
dl00641,o00955,d092,v010,h01,2025-01-04 17:23:00,2025-01-05 10:38:24.537371,failed,10.48,0,0,2.54,13.58,1
dl00642,o00212,d153,v024,h07,2025-01-04 23:50:00,2025-01-05 03:23:43.873352,ontime,20.42,1,0,4.48,14.05,1
dl00643,o00926,d114,v047,h02,2024-07-03 02:35:00,2024-07-03 14:53:51.446255,ontime,13.71,2,0,4.5,15.88,1
dl00644,o00585,d097,v119,h01,2025-02-25 14:04:00,2025-02-26 01:40:11.748100,failed,6.36,0,0,3.11,13.31,1
dl00645,o00158,d129,v090,h02,2024-07-11 17:47:00,2024-07-12 22:44:12.693757,failed,6.06,2,0,2.77,13.29,1
dl00646,o00707,d023,v100,h06,2024-11-10 06:33:00,2024-11-10 10:57:20.611848,ontime,8.31,0,0,4.38,4.79,1
dl00647,o00550,d067,v001,h02,2025-01-19 02:17:00,2025-01-19 23:38:11.164766,ontime,8.7,1,0,4.52,10.41,1
dl00648,o00551,d143,v045,h02,2024-06-16 13:01:00,2024-06-16 16:08:30.294842,ontime,9.21,0,0,4.43,14.38,1
dl00649,o00110,d075,v073,h01,2024-08-23 13:10:00,2024-08-23 14:46:36.192013,ontime,9.4,1,0,5.0,12.55,1
dl00650,o00106,d097,v035,h01,2025-11-29 06:15:00,2025-11-29 11:03:53.803798,ontime,8.16,0,0,4.26,11.01,1
dl00651,o00107,d090,v022,h04,2024-11-14 01:39:00,2024-11-14 11:26:39.070895,delayed,6.01,1,0,3.71,9.58,1
dl00652,o00928,d129,v028,h07,2024-02-28 14:26:00,2024-02-29 12:02:52.158985,ontime,14.7,1,0,3.65,7.18,1
dl00653,o00076,d043,v096,h04,2025-12-25 05:43:00,2025-12-25 15:29:42.609869,delayed,12.43,3,0,2.71,13.03,1
dl00654,o00897,d078,v057,h04,2025-09-21 21:38:00,nan,failed,17.42,0,0,2.92,13.13,1
dl00655,o01222,d156,v042,h08,2025-09-10 03:29:00,2025-09-10 12:38:01.772929,ontime,12.34,1,0,4.66,3.15,1
dl00656,o00747,d134,v089,h03,2025-08-05 09:12:00,2025-08-05 09:00:15.156688,ontime,15.27,0,0,4.04,12.29,1
dl00657,o00674,d145,v072,h01,2025-08-11 17:47:00,2025-08-12 09:13:33.120017,failed,14.98,2,0,1.95,17.49,1
dl00658,o01123,d001,v073,h04,2024-01-31 07:38:00,2024-02-01 18:27:27.869371,failed,6.23,1,0,4.41,6.01,1
dl00659,o00308,d046,v082,h02,2025-03-28 16:40:00,2025-03-29 03:35:29.941238,ontime,34.92,2,0,4.31,16.73,1
dl00660,o00016,d008,v001,h02,2025-07-29 13:52:00,2025-07-29 17:01:03.042495,ontime,16.1,2,0,3.36,14.03,1
dl00661,o01038,d145,v067,h03,2024-12-01 01:45:00,2024-12-01 06:12:25.970798,ontime,19.41,2,0,4.41,17.61,1
dl00662,o00365,d118,v013,h03,2024-01-11 13:00:00,2024-01-11 14:14:42.407650,ontime,21.14,0,0,4.62,16.89,1
dl00663,o00865,d017,v070,h03,2024-03-22 01:14:00,2024-03-22 04:15:39.503337,ontime,15.24,1,0,3.19,16.61,1
dl00664,o00430,d152,v027,h07,2025-01-15 03:49:00,2025-01-15 20:16:09.639972,failed,20.64,1,1,3.36,25.46,1
dl00665,o00268,d124,v100,h03,2024-01-29 08:37:00,2024-01-29 12:14:11.321423,delayed,20.03,3,1,2.49,15.01,1
dl00666,o00350,d055,v066,h05,2024-11-20 04:37:00,2024-11-20 06:18:52.302593,ontime,5.38,0,0,4.67,10.56,1
dl00667,o01088,d049,v087,h08,2024-12-02 12:50:00,2024-12-02 16:12:08.912167,ontime,9.91,1,0,4.8,13.21,1
dl00668,o01140,d107,v018,h05,2025-09-26 01:35:00,2025-09-26 08:09:15.372043,ontime,19.54,0,0,4.57,16.84,1
dl00669,o01235,d039,v001,h08,2025-06-01 03:54:00,2025-06-01 01:41:07.882075,ontime,15.65,0,0,3.31,12.4,1
dl00670,o01248,d098,v006,h04,2024-08-30 19:26:00,2024-08-31 15:46:01.398224,ontime,11.65,1,0,4.28,17.56,1
dl00671,o00005,d054,v073,h03,2025-02-17 20:23:00,2025-02-18 08:05:00.047082,ontime,16.01,1,0,4.38,13.53,1
dl00672,o00017,d108,v030,h02,2025-05-27 11:38:00,2025-05-28 08:21:51.612170,ontime,35.33,5,0,4.94,19.77,1
dl00673,o00651,d125,v047,h03,2024-09-29 10:51:00,2024-09-29 14:22:58.189576,ontime,13.26,0,0,4.71,11.92,1
dl00674,o00456,d005,v078,h01,2024-01-16 04:57:00,2024-01-16 07:20:04.951071,ontime,12.96,1,0,4.96,8.1,1
dl00675,o00436,d120,v008,h07,2025-01-29 18:44:00,2025-01-29 18:32:00.000000,ontime,23.3,3,0,3.5,13.77,1
dl00676,o00515,d033,v027,h05,2024-02-03 12:39:00,2024-02-03 16:14:23.609063,ontime,3.67,1,0,3.87,10.33,1
dl00677,o00528,d001,v036,h03,2024-10-13 11:51:00,2024-10-13 21:30:51.369530,ontime,18.36,2,0,3.82,10.56,1
dl00678,o00441,d133,v119,h07,2025-04-01 12:54:00,2025-04-01 23:37:24.658614,ontime,8.13,0,0,4.29,6.46,1
dl00679,o01122,d008,v098,h04,2025-10-06 07:57:00,2025-10-07 02:15:06.169683,delayed,1.2,2,0,2.15,12.25,1
dl00680,o01148,d064,v056,h04,2024-11-19 06:45:00,2024-11-20 06:09:27.821347,ontime,12.17,0,0,4.49,8.14,1
dl00681,o01197,d046,v033,h01,2024-01-27 02:16:00,2024-01-28 05:15:53.195121,delayed,13.28,0,0,1.97,18.74,1
dl00682,o00264,d039,v004,h08,2025-08-12 12:49:00,2025-08-12 18:08:01.672514,ontime,11.86,0,0,5.0,14.2,1
dl00683,o00560,d102,v008,h03,2025-08-05 18:41:00,2025-08-06 09:14:19.454661,delayed,21.04,0,0,2.52,19.01,1
dl00684,o00986,d026,v027,h08,2024-02-06 11:40:00,2024-02-07 19:38:29.699653,delayed,12.6,1,1,3.71,10.36,1
dl00685,o00113,d002,v042,h03,2024-02-12 05:54:00,2024-02-12 22:59:20.709373,failed,10.66,1,0,2.68,10.8,1
dl00686,o00523,d083,v002,h08,2025-11-04 08:01:00,2025-11-04 12:17:37.381306,ontime,24.04,3,0,5.0,12.99,1
dl00687,o00328,d168,v072,h06,2024-09-12 07:45:00,2024-09-12 07:31:07.085573,ontime,16.38,2,0,5.0,15.23,1
dl00688,o00385,d117,v068,h03,2025-10-24 17:08:00,2025-10-24 17:53:05.729635,ontime,17.58,0,0,4.16,13.79,1
dl00689,o00165,d087,v048,h07,2024-03-16 15:57:00,2024-03-17 13:28:39.203588,ontime,16.14,1,0,4.14,18.83,1
dl00690,o00129,d167,v096,h01,2024-12-12 05:16:00,2024-12-13 10:27:02.080765,failed,17.64,0,0,2.59,15.08,1
dl00691,o00022,d055,v091,h01,2025-04-20 21:40:00,2025-04-21 17:33:54.635329,delayed,4.45,0,0,4.36,13.49,1
dl00692,o00176,d093,v100,h07,2025-04-15 11:14:00,2025-04-15 11:40:03.053241,ontime,14.91,0,0,3.65,16.9,1
dl00693,o00154,d137,v063,h03,2024-08-20 06:10:00,2024-08-20 23:47:35.347105,delayed,13.63,0,0,2.62,11.31,1
dl00694,o00457,d087,v038,h05,2024-03-31 09:26:00,2024-04-01 08:43:50.348343,failed,14.66,0,1,1.68,13.68,1
dl00695,o00195,d017,v067,h06,2024-06-02 20:32:00,2024-06-03 10:47:53.271479,delayed,18.13,1,0,3.49,16.69,1
dl00696,o01210,d016,v035,h07,2025-04-01 13:32:00,2025-04-01 13:43:32.048965,ontime,4.73,2,0,3.18,11.48,1
dl00697,o00117,d010,v080,h06,2024-06-10 11:21:00,2024-06-10 22:34:18.056778,ontime,13.19,1,0,5.0,10.04,1
dl00698,o00882,d101,v092,h07,2024-09-01 12:12:00,2024-09-01 22:24:02.651556,failed,10.97,0,0,3.6,15.95,1
dl00699,o00388,d133,v091,h02,2025-10-07 00:43:00,2025-10-07 04:23:12.272724,ontime,13.59,1,0,4.11,13.94,1
dl00700,o00027,d099,v115,h06,2025-02-26 02:22:00,2025-02-26 06:50:34.860335,ontime,8.6,1,0,5.0,9.3,1
dl00701,o00440,d077,v084,h08,2024-12-03 03:36:00,2024-12-04 09:00:24.432584,failed,12.65,0,0,5.0,10.83,1
dl00702,o00143,d104,v086,h06,2025-03-07 13:02:00,2025-03-08 13:13:35.260683,ontime,18.33,2,0,4.86,10.36,1
dl00703,o01098,d136,v020,h06,2025-04-24 09:34:00,2025-04-24 15:44:51.782386,delayed,11.16,1,0,2.82,12.56,1
dl00704,o01009,d058,v084,h08,2024-06-01 06:49:00,2024-06-01 07:25:55.005036,ontime,1.84,0,0,4.35,5.9,1
dl00705,o00084,d010,v061,h03,2025-05-13 08:46:00,2025-05-14 05:31:07.437328,failed,15.18,2,0,4.04,12.68,1
dl00706,o00625,d164,v117,h08,2025-07-12 06:16:00,2025-07-13 05:40:23.019020,ontime,15.14,0,0,4.37,11.27,1
dl00707,o00514,d022,v013,h02,2025-11-12 08:13:00,2025-11-12 07:49:00.000000,ontime,9.89,1,0,4.15,16.04,1
dl00708,o00323,d089,v035,h07,2024-11-01 15:56:00,2024-11-01 20:54:40.422808,ontime,7.15,1,0,4.49,3.79,1
dl00709,o00580,d125,v020,h02,2024-02-12 07:41:00,2024-02-12 10:11:17.170153,delayed,14.43,1,1,4.39,8.47,1
dl00710,o00262,d116,v119,h06,2024-02-28 06:22:00,2024-02-28 07:32:37.271724,ontime,1.39,2,0,4.12,12.47,1
dl00711,o00484,d028,v120,h08,2024-03-10 14:43:00,2024-03-11 13:39:05.378753,ontime,16.19,3,0,3.77,8.83,1
dl00712,o01056,d134,v012,h07,2024-12-20 00:40:00,2024-12-20 11:07:55.426151,delayed,11.83,1,0,4.95,3.1,1
dl00713,o00728,d044,v039,h03,2024-10-21 06:15:00,2024-10-22 04:27:26.219534,ontime,21.4,0,0,4.63,26.99,1
dl00714,o00078,d140,v110,h04,2025-10-06 05:23:00,2025-10-06 11:04:38.381928,ontime,10.21,0,0,4.53,20.77,1
dl00715,o00621,d148,v098,h02,2025-05-15 19:44:00,2025-05-16 16:03:00.808189,delayed,37.21,2,0,4.05,18.77,1
dl00716,o00221,d158,v074,h08,2024-10-06 05:06:00,2024-10-06 15:10:08.357355,ontime,3.43,1,0,3.66,8.24,1
dl00717,o00530,d106,v016,h01,2024-03-31 08:10:00,2024-03-31 16:23:04.187319,delayed,28.07,3,0,4.26,17.52,1
dl00718,o00945,d067,v081,h01,2025-11-10 15:32:00,2025-11-11 06:12:24.070590,delayed,9.2,0,0,2.3,15.84,1
dl00719,o00138,d124,v020,h08,2025-10-02 07:02:00,2025-10-02 12:15:45.818877,delayed,16.1,1,0,3.88,18.38,1
dl00720,o01179,d097,v102,h06,2025-10-13 21:10:00,2025-10-14 08:32:17.261543,delayed,9.37,1,0,3.0,9.84,1
dl00721,o00742,d086,v017,h04,2025-08-27 17:58:00,2025-08-28 08:37:04.718105,delayed,29.21,1,0,3.51,23.07,1
dl00722,o00289,d097,v083,h04,2024-08-24 02:33:00,2024-08-25 00:27:20.637871,ontime,16.76,0,0,4.24,19.9,1
dl00723,o00477,d050,v108,h03,2025-10-29 14:40:00,2025-10-30 01:19:52.481280,delayed,6.67,2,1,3.25,17.41,1
dl00724,o00024,d003,v042,h01,2024-10-10 07:43:00,2024-10-10 10:21:10.389885,ontime,17.9,0,0,4.76,14.39,1
dl00725,o01115,d140,v094,h06,2025-11-29 00:00:00,2025-11-29 16:20:27.980617,failed,13.65,1,0,2.1,12.34,1
dl00726,o00085,d045,v023,h03,2024-03-02 09:54:00,2024-03-02 12:02:36.698020,ontime,14.37,0,0,5.0,2.5,1
dl00727,o00520,d164,v080,h08,2024-07-07 13:40:00,2024-07-07 21:11:10.422460,delayed,5.25,0,0,3.43,3.23,1
dl00728,o00951,d128,v093,h01,2024-04-30 16:16:00,2024-05-01 02:12:49.323509,delayed,11.96,0,1,4.54,8.65,1
dl00729,o00638,d004,v060,h04,2025-05-26 13:22:00,2025-05-26 17:18:46.459421,ontime,5.33,1,0,4.2,9.65,1
dl00730,o00191,d170,v025,h05,2025-04-02 03:32:00,2025-04-02 14:46:58.691974,ontime,8.68,1,0,4.06,5.48,1
dl00731,o00386,d158,v042,h05,2024-12-16 21:08:00,2024-12-17 15:02:20.510372,failed,18.68,3,1,3.05,12.76,1
dl00732,o00748,d024,v076,h01,2025-07-23 06:45:00,2025-07-24 15:06:33.826133,failed,11.16,1,0,3.55,15.34,1
dl00733,o00252,d009,v114,h03,2024-03-10 16:48:00,2024-03-10 18:13:36.725392,ontime,21.06,0,0,3.48,18.64,1
dl00734,o00317,d106,v089,h02,2025-01-19 23:25:00,2025-01-20 05:14:31.689455,ontime,12.54,0,0,3.99,12.79,1
dl00735,o00190,d150,v082,h01,2024-12-28 08:40:00,2024-12-28 07:08:00.000000,ontime,13.27,0,0,3.68,10.58,1
dl00736,o00732,d123,v100,h02,2025-06-05 11:32:00,2025-06-06 04:00:13.299805,failed,13.5,0,0,2.19,13.81,1
dl00737,o00247,d146,v015,h01,2024-07-13 21:14:00,2024-07-13 23:35:31.680653,ontime,15.68,1,0,4.03,10.54,1
dl00738,o01163,d071,v022,h06,2024-09-10 01:38:00,2024-09-10 14:25:27.358815,delayed,7.16,0,0,3.63,8.91,1
dl00739,o00644,d087,v078,h08,2025-11-03 10:33:00,2025-11-04 00:52:43.389587,delayed,7.6,1,0,3.28,15.7,1
dl00740,o00889,d029,v021,h02,2024-02-24 23:01:00,2024-02-25 01:20:53.758444,ontime,15.64,0,0,3.98,11.85,1
dl00741,o00689,d113,v091,h01,2025-09-29 16:16:00,2025-09-29 22:27:15.676429,delayed,15.66,1,0,1.65,8.71,1
dl00742,o00326,d056,v033,h06,2024-11-03 10:06:00,2024-11-04 02:59:58.168600,delayed,13.55,0,1,2.51,15.1,1
dl00743,o00171,d158,v083,h03,2025-05-01 03:28:00,2025-05-01 03:30:56.577270,ontime,33.77,0,0,5.0,13.64,1
dl00744,o00899,d052,v062,h06,2025-02-04 09:43:00,2025-02-04 23:30:54.825818,delayed,25.36,5,0,1.64,13.11,1
dl00745,o00333,d092,v072,h07,2025-03-25 06:36:00,2025-03-25 23:16:54.876514,failed,11.35,0,0,4.29,13.37,1
dl00746,o00431,d002,v097,h02,2025-03-29 13:29:00,2025-03-29 17:02:43.497442,ontime,14.4,1,0,3.32,11.96,1
dl00747,o00482,d008,v085,h08,2025-11-10 04:00:00,2025-11-10 08:22:40.558319,ontime,15.25,1,0,4.27,12.88,1
dl00748,o00741,d156,v119,h04,2025-05-30 02:47:00,2025-05-30 16:13:17.676946,delayed,32.739999999999995,1,0,4.04,16.92,1
dl00749,o01036,d026,v013,h06,2024-02-28 20:38:00,2024-02-28 23:29:47.067192,ontime,13.64,1,0,4.27,10.07,1
dl00750,o00976,d156,v109,h08,2024-02-02 19:55:00,2024-02-03 23:06:56.973662,delayed,13.29,0,0,2.64,10.65,1
dl00751,o00234,d136,v073,h01,2025-02-19 12:33:00,2025-02-19 17:19:04.396738,ontime,13.68,0,0,5.0,8.76,1
dl00752,o00020,d069,v013,h01,2024-05-09 23:04:00,2024-05-09 22:49:00.000000,ontime,12.27,1,0,4.33,8.63,1
dl00753,o01139,d163,v101,h04,2024-03-05 15:46:00,2024-03-05 23:19:36.199347,ontime,17.13,1,0,4.6,16.29,1
dl00754,o00605,d027,v023,h03,2025-03-21 15:02:00,2025-03-21 13:30:56.020213,ontime,1.2,1,0,4.18,7.11,1
dl00755,o01073,d084,v024,h08,2024-01-05 05:34:00,2024-01-05 21:45:54.509466,delayed,21.74,1,0,2.22,13.13,1
dl00756,o00112,d130,v034,h07,2024-09-16 08:59:00,2024-09-16 07:27:00.000000,ontime,13.07,3,0,3.11,16.72,1
dl00757,o00074,d135,v002,h06,2025-10-18 14:03:00,2025-10-18 21:07:10.495229,delayed,12.69,1,1,5.0,6.5,1
dl00758,o01126,d085,v043,h07,2025-05-02 17:34:00,2025-05-03 09:21:46.227061,delayed,21.98,4,0,2.72,17.1,1
dl00759,o01240,d012,v120,h08,2025-10-08 15:19:00,2025-10-08 18:32:38.817145,ontime,6.57,0,0,4.47,11.36,1
dl00760,o00226,d081,v030,h04,2024-07-23 14:20:00,2024-07-24 15:40:22.678171,ontime,12.22,0,0,4.2,14.58,1
dl00761,o00810,d134,v088,h04,2024-04-16 04:12:00,2024-04-16 15:34:08.978231,ontime,1.2,1,0,3.48,3.76,1
dl00762,o00864,d133,v002,h03,2024-08-04 01:29:00,2024-08-04 04:51:39.011458,ontime,34.77,1,0,3.95,18.48,1
dl00763,o00837,d110,v059,h02,2024-04-18 19:06:00,2024-04-20 06:31:48.519667,failed,16.1,0,1,3.96,13.38,1
dl00764,o01187,d049,v004,h07,2025-11-17 02:29:00,2025-11-17 10:47:40.202073,delayed,14.53,0,0,2.42,10.58,1
dl00765,o00043,d126,v023,h06,2024-01-01 06:03:00,2024-01-01 15:35:48.325916,ontime,16.23,1,0,4.81,15.76,1
dl00766,o00371,d082,v088,h07,2025-01-27 04:54:00,2025-01-27 12:48:47.192242,failed,10.55,0,0,2.58,13.84,1
dl00767,o00948,d096,v099,h02,2025-05-14 05:19:00,2025-05-14 14:53:57.043442,delayed,5.39,2,0,3.98,3.62,1
dl00768,o00800,d086,v043,h04,2024-01-29 02:36:00,2024-01-29 18:44:35.264297,delayed,14.84,0,0,1.74,20.01,1
dl00769,o00957,d038,v048,h03,2024-02-28 03:47:00,2024-02-28 03:42:47.058541,ontime,10.69,0,0,3.73,8.08,1
dl00770,o00217,d091,v077,h08,2024-01-22 08:17:00,2024-01-23 05:25:22.078025,ontime,29.87,1,0,4.21,17.68,1
dl00771,o00257,d003,v116,h01,2024-08-11 03:42:00,2024-08-11 07:16:26.127371,ontime,11.52,2,0,4.78,14.84,1
dl00772,o01108,d135,v058,h07,2024-10-24 07:22:00,2024-10-24 12:22:16.408717,ontime,15.77,0,0,4.48,12.1,1
dl00773,o00080,d101,v050,h03,2025-11-13 05:00:00,2025-11-13 09:21:31.940911,ontime,19.65,0,0,3.41,11.72,1
dl00774,o01180,d049,v032,h02,2024-09-07 21:42:00,2024-09-08 11:19:33.834567,delayed,26.83,1,0,4.21,12.3,1
dl00775,o00153,d109,v040,h05,2025-02-09 09:08:00,2025-02-10 21:51:56.051970,delayed,3.69,0,1,2.36,14.94,1
dl00776,o00383,d036,v069,h02,2024-11-19 17:12:00,2024-11-19 15:56:11.367810,ontime,15.59,0,0,4.41,14.25,1
dl00777,o00316,d064,v088,h05,2025-07-31 14:43:00,2025-07-31 20:19:26.952510,ontime,13.91,0,0,3.58,13.71,1
dl00778,o00965,d143,v005,h08,2024-09-28 17:43:00,2024-09-29 14:06:23.080609,failed,18.34,3,0,2.96,12.7,1
dl00779,o01146,d127,v048,h08,2025-11-17 05:21:00,2025-11-17 11:08:16.099967,ontime,6.04,1,0,4.27,15.07,1
dl00780,o01202,d155,v040,h01,2024-11-14 16:31:00,2024-11-14 23:40:12.695034,ontime,12.72,0,0,3.64,15.59,1
dl00781,o00871,d082,v092,h02,2025-12-24 06:28:00,2025-12-25 04:08:15.868710,failed,11.59,0,0,4.6,17.88,1
dl00782,o00602,d019,v030,h07,2025-12-11 11:15:00,2025-12-12 05:39:43.350189,delayed,16.3,0,0,3.47,13.54,1
dl00783,o00380,d099,v015,h07,2025-02-20 00:44:00,2025-02-20 20:49:44.816047,failed,8.95,2,1,1.67,16.86,1
dl00784,o00073,d095,v039,h05,2025-03-31 05:10:00,2025-04-01 01:01:35.158033,delayed,5.24,0,1,2.29,13.26,1
dl00785,o00726,d099,v031,h01,2024-02-05 00:29:00,2024-02-05 02:55:03.780804,ontime,18.6,1,0,4.22,17.03,1
dl00786,o00232,d083,v088,h06,2025-06-05 22:06:00,2025-06-06 00:04:10.671933,ontime,15.42,0,0,5.0,14.69,1
dl00787,o00102,d159,v071,h06,2024-05-22 00:18:00,2024-05-22 00:52:19.834138,ontime,11.22,3,0,4.01,9.72,1
dl00788,o00927,d108,v058,h05,2025-05-07 05:03:00,2025-05-08 00:15:39.140252,failed,10.39,0,0,4.32,19.57,1
dl00789,o00536,d103,v031,h06,2025-11-03 11:23:00,2025-11-04 12:13:51.444514,failed,15.28,3,1,3.03,11.56,1
dl00790,o00628,d170,v039,h08,2024-10-26 12:51:00,2024-10-27 03:56:55.676864,delayed,12.25,0,1,3.68,5.21,1
dl00791,o01047,d085,v116,h01,2025-11-10 17:11:00,2025-11-10 20:04:01.891025,ontime,21.48,1,0,4.67,22.23,1
dl00792,o00033,d106,v094,h08,2025-12-30 21:39:00,2025-12-31 14:37:51.118085,failed,14.69,1,0,3.2,16.8,1
dl00793,o00095,d119,v043,h03,2025-05-15 14:55:00,2025-05-16 13:44:08.347336,ontime,17.36,2,0,4.7,14.29,1
dl00794,o00265,d052,v079,h04,2024-05-19 02:54:00,2024-05-19 08:03:52.670590,delayed,12.37,1,0,1.76,17.61,1
dl00795,o00151,d068,v062,h05,2025-03-02 11:55:00,2025-03-02 16:00:58.681244,ontime,2.99,0,0,4.03,9.67,1
dl00796,o00860,d139,v098,h05,2024-04-26 22:58:00,2024-04-26 23:15:49.272884,ontime,19.21,2,0,4.08,14.76,1
dl00797,o00894,d138,v066,h01,2024-01-15 01:08:00,2024-01-15 04:42:43.941796,delayed,11.19,1,0,3.85,5.56,1
dl00798,o00850,d046,v073,h07,2024-07-31 22:19:00,2024-08-01 02:44:15.525375,ontime,12.93,2,0,4.63,14.15,1
dl00799,o01233,d125,v103,h04,2024-04-25 19:34:00,nan,ontime,11.72,1,0,4.41,9.63,1
dl00800,o01147,d001,v008,h02,2024-04-20 00:58:00,2024-04-20 13:46:46.149267,delayed,10.59,1,0,3.41,13.12,1
dl00801,o00463,d151,v118,h07,2025-02-20 02:40:00,2025-02-20 04:53:27.043106,ontime,12.81,0,0,3.78,18.21,1
dl00802,o00691,d092,v086,h08,2024-11-18 03:56:00,2024-11-18 14:22:24.207063,ontime,11.27,0,0,3.79,9.97,1
dl00803,o00368,d080,v093,h05,2024-12-05 00:47:00,2024-12-05 02:50:15.142329,ontime,13.02,3,0,3.98,12.99,1
dl00804,o00015,d052,v097,h03,2025-11-09 05:43:00,2025-11-09 09:20:46.099682,ontime,9.3,1,0,3.94,9.13,1
dl00805,o00215,d033,v057,h07,2024-01-07 12:44:00,2024-01-07 11:01:00.000000,ontime,16.4,2,0,4.73,9.99,1
dl00806,o00128,d117,v108,h07,2025-12-28 14:40:00,2025-12-30 04:18:53.684717,delayed,40.11,2,1,2.68,24.27,1
dl00807,o00089,d103,v061,h05,2025-04-24 20:33:00,2025-04-25 04:18:13.985090,failed,1.2,2,0,2.8,8.46,1
dl00808,o00993,d055,v009,h04,2025-06-07 23:43:00,2025-06-08 22:37:54.973798,ontime,10.76,1,0,4.77,9.73,1
dl00809,o01071,d043,v051,h05,2025-02-27 00:21:00,2025-02-27 16:48:45.890797,delayed,13.21,1,1,4.41,16.54,1
dl00810,o00116,d120,v053,h08,2025-03-09 16:49:00,2025-03-09 19:25:36.988970,ontime,15.23,0,0,5.0,11.22,1
dl00811,o00404,d160,v082,h01,2025-10-17 23:22:00,2025-10-17 21:59:16.160742,ontime,8.18,0,0,3.16,10.81,1
dl00812,o01016,d073,v059,h02,2024-06-04 00:55:00,2024-06-04 05:47:54.997877,ontime,23.74,4,0,5.0,11.75,1
dl00813,o00869,d144,v045,h01,2024-02-26 07:08:00,2024-02-26 06:52:48.604826,ontime,14.17,0,0,3.56,13.63,1
dl00814,o00471,d123,v060,h04,2025-06-07 15:06:00,2025-06-07 20:22:06.341483,ontime,8.94,0,0,3.81,12.08,1
dl00815,o00771,d134,v119,h03,2025-07-27 23:16:00,2025-07-28 07:38:20.534602,delayed,13.86,0,0,2.94,18.01,1
dl00816,o00857,d017,v047,h05,2025-05-20 21:07:00,2025-05-20 20:41:43.617855,ontime,1.2,1,0,3.44,13.41,1
dl00817,o00356,d097,v078,h01,2025-05-27 05:41:00,2025-05-27 07:33:29.622512,ontime,10.07,0,0,3.25,17.74,1
dl00818,o01000,d035,v120,h07,2025-11-15 22:28:00,2025-11-16 03:01:40.812667,ontime,35.25,1,0,5.0,23.18,1
dl00819,o00892,d142,v025,h03,2025-10-08 03:49:00,2025-10-08 10:54:14.928868,delayed,32.56,2,0,4.04,17.18,1
dl00820,o01192,d069,v030,h05,2024-12-13 17:39:00,2024-12-14 01:45:53.860264,delayed,30.97,2,0,3.07,21.48,1
dl00821,o00424,d074,v080,h07,2025-07-11 10:13:00,2025-07-11 21:18:17.587417,ontime,1.9,4,0,3.85,9.03,1
dl00822,o00109,d084,v032,h03,2025-10-24 13:25:00,2025-10-24 16:28:58.560868,ontime,6.47,1,0,3.13,12.84,1
dl00823,o00655,d104,v114,h08,2025-11-01 16:20:00,2025-11-02 05:35:54.325407,failed,9.55,1,0,1.91,8.94,1
dl00824,o00369,d036,v080,h02,2024-10-02 13:42:00,2024-10-03 02:44:49.779290,failed,10.19,2,0,4.45,7.81,1
dl00825,o01004,d147,v007,h05,2024-09-21 20:08:00,2024-09-22 02:23:36.861233,failed,11.9,0,0,2.26,21.03,1
dl00826,o01087,d089,v021,h01,2025-12-14 08:53:00,2025-12-14 12:01:02.924988,ontime,24.56,1,0,3.83,14.2,1
dl00827,o00079,d065,v030,h01,2025-03-10 06:56:00,2025-03-10 07:06:19.807951,ontime,16.9,2,0,4.87,11.29,1
dl00828,o00879,d119,v069,h07,2025-07-04 02:40:00,2025-07-04 03:08:31.719036,ontime,8.27,0,0,4.79,14.23,1
dl00829,o00426,d101,v008,h03,2024-09-28 15:10:00,2024-09-28 16:18:55.493540,ontime,7.91,2,0,3.83,6.45,1
dl00830,o01114,d164,v071,h01,2024-12-14 00:50:00,2024-12-13 23:09:00.000000,ontime,11.1,2,0,4.33,10.17,1
dl00831,o00023,d133,v053,h08,2025-10-05 05:51:00,2025-10-06 04:17:27.447541,failed,15.56,0,1,2.38,10.87,1
dl00832,o01143,d083,v109,h06,2025-06-16 02:45:00,2025-06-16 13:02:41.765284,failed,18.52,0,0,4.27,13.94,1
dl00833,o00712,d169,v106,h04,2025-05-26 11:52:00,2025-05-26 14:09:55.922884,ontime,16.28,0,0,4.22,17.55,1
dl00834,o01165,d022,v099,h02,2025-12-13 07:00:00,2025-12-13 12:03:16.927322,ontime,15.51,2,0,4.58,9.85,1
dl00835,o00188,d096,v005,h05,2025-09-09 04:34:00,2025-09-09 17:10:45.169556,delayed,13.48,1,0,2.68,14.25,1
dl00836,o00206,d095,v057,h01,2025-12-10 16:47:00,nan,failed,6.64,1,0,2.74,9.53,1
dl00837,o01092,d052,v074,h03,2025-12-10 15:10:00,2025-12-10 21:02:34.959459,ontime,5.31,0,0,3.76,9.42,1
dl00838,o00909,d117,v103,h03,2025-01-05 03:05:00,2025-01-06 10:48:03.226335,failed,14.62,1,1,2.31,20.66,1
dl00839,o00566,d078,v096,h03,2024-04-07 01:03:00,2024-04-07 13:40:24.565912,failed,7.89,2,1,1.65,11.74,1
dl00840,o01162,d102,v106,h04,2025-06-09 11:40:00,2025-06-09 11:15:00.000000,ontime,7.84,0,0,4.18,13.23,1
dl00841,o00733,d006,v068,h02,2024-08-06 08:40:00,2024-08-06 11:32:19.398363,ontime,15.77,1,0,3.39,11.44,1
dl00842,o00405,d102,v114,h07,2024-02-14 12:17:00,2024-02-14 16:30:15.173103,ontime,5.55,1,0,3.88,8.89,1
dl00843,o00804,d138,v012,h05,2024-03-13 10:34:00,2024-03-14 09:16:16.175948,ontime,17.19,1,0,4.66,12.85,1
dl00844,o00991,d168,v093,h03,2025-01-03 18:00:00,2025-01-03 17:49:34.887899,ontime,10.66,1,0,4.63,20.41,1
dl00845,o01218,d162,v047,h05,2025-03-15 04:24:00,2025-03-15 06:23:14.327139,ontime,32.79,2,0,4.64,13.5,1
dl00846,o01118,d038,v004,h03,2024-02-26 19:54:00,2024-02-26 23:58:17.438286,ontime,17.64,0,0,4.01,17.89,1
dl00847,o00134,d154,v035,h07,2024-12-22 18:38:00,2024-12-22 23:50:09.870311,ontime,1.46,0,0,4.09,7.98,1
dl00848,o00633,d080,v091,h08,2024-02-12 13:23:00,2024-02-12 14:55:42.792793,ontime,20.03,3,0,3.93,10.97,1
dl00849,o00169,d160,v016,h08,2025-12-03 14:32:00,2025-12-03 15:00:07.363494,ontime,8.52,2,0,4.31,13.73,1
dl00850,o00444,d060,v055,h05,2025-08-30 19:20:00,2025-08-30 22:59:39.779090,ontime,4.26,4,0,4.32,8.71,1
dl00851,o01022,d141,v053,h04,2024-03-16 17:31:00,2024-03-17 21:55:48.709700,delayed,2.38,0,0,3.21,3.58,1
dl00852,o00974,d013,v052,h03,2025-06-11 01:17:00,2025-06-11 03:21:30.595833,ontime,15.52,1,0,4.65,18.68,1
dl00853,o00178,d073,v086,h01,2024-03-30 21:03:00,2024-03-31 00:39:18.302077,ontime,12.77,3,0,4.19,15.35,1
dl00854,o00954,d099,v055,h04,2024-07-14 03:27:00,2024-07-14 08:39:46.310886,delayed,7.05,0,1,3.2,11.41,1
dl00855,o00409,d154,v076,h08,2025-01-08 12:04:00,2025-01-09 09:15:54.067994,delayed,7.29,0,0,3.36,13.69,1
dl00856,o00223,d087,v083,h03,2025-08-10 18:09:00,2025-08-10 20:02:42.287729,ontime,4.19,3,0,3.82,7.91,1
dl00857,o00292,d050,v045,h05,2025-10-29 18:17:00,2025-10-30 10:11:21.327276,delayed,11.07,2,0,2.72,10.06,1
dl00858,o01075,d099,v007,h08,2024-06-26 10:08:00,2024-06-26 09:44:24.109661,ontime,9.72,1,0,4.34,16.21,1
dl00859,o00512,d164,v052,h05,2024-09-21 11:04:00,2024-09-21 23:34:35.779917,delayed,24.2,0,1,5.0,13.25,1
dl00860,o00280,d026,v027,h07,2025-09-21 00:35:00,2025-09-21 13:59:07.662772,ontime,10.9,0,0,4.76,14.97,1
dl00861,o00381,d056,v094,h05,2024-11-29 00:04:00,2024-11-29 21:39:14.831680,ontime,18.99,0,0,4.91,16.77,1
dl00862,o00031,d165,v037,h01,2024-10-25 04:57:00,2024-10-26 09:32:20.877141,failed,8.4,1,0,1.41,9.28,1
dl00863,o00597,d044,v030,h01,2025-01-09 13:40:00,2025-01-09 20:09:19.733033,ontime,16.47,2,0,3.51,14.48,1
dl00864,o00818,d135,v076,h06,2025-10-27 16:02:00,2025-10-27 17:01:23.863641,ontime,11.68,0,0,3.14,18.27,1
dl00865,o00338,d148,v042,h01,2024-12-26 06:10:00,2024-12-26 11:25:57.005387,ontime,7.72,0,0,3.6,16.7,1
dl00866,o00969,d096,v041,h02,2024-10-14 22:32:00,2024-10-14 23:02:29.771193,ontime,5.1,0,0,5.0,15.22,1
dl00867,o01117,d089,v079,h02,2025-06-20 01:47:00,2025-06-20 03:09:47.164152,ontime,23.28,4,0,3.45,11.6,1
dl00868,o00452,d104,v100,h04,2025-11-27 11:55:00,2025-11-28 00:09:06.530401,failed,6.57,1,0,3.69,18.09,1
dl00869,o00038,d118,v119,h05,2025-10-06 20:46:00,2025-10-06 21:44:16.662558,ontime,9.15,2,0,5.0,10.32,1
dl00870,o00650,d078,v110,h03,2025-09-30 12:39:00,2025-09-30 14:21:55.742656,ontime,24.94,2,0,3.8,14.11,1
dl00871,o00715,d037,v047,h01,2025-06-17 16:20:00,2025-06-17 21:03:48.121999,ontime,9.43,0,0,4.03,16.6,1
dl00872,o00144,d120,v001,h03,2025-11-03 22:12:00,2025-11-04 05:41:26.643035,delayed,15.53,1,0,3.54,11.71,1
dl00873,o00401,d049,v107,h07,2024-06-22 12:48:00,2024-06-23 10:19:08.707674,ontime,10.68,0,0,3.77,10.34,1
dl00874,o01012,d006,v088,h02,2025-03-08 05:38:00,2025-03-08 16:05:25.585889,delayed,10.15,0,1,2.81,12.54,1
dl00875,o00189,d018,v052,h06,2025-11-22 08:49:00,2025-11-22 15:14:04.034420,ontime,11.7,0,0,4.44,11.84,1
dl00876,o00609,d161,v035,h04,2024-09-15 07:47:00,2024-09-15 19:49:21.706357,ontime,5.01,0,0,4.72,14.22,1
dl00877,o01193,d061,v087,h04,2025-04-18 00:35:00,2025-04-18 07:54:09.214237,ontime,4.93,0,0,4.08,10.71,1
dl00878,o00629,d164,v016,h06,2024-10-04 07:36:00,2024-10-04 09:57:13.852551,ontime,5.77,0,0,4.7,10.43,1
dl00879,o00139,d033,v013,h02,2025-09-15 19:42:00,2025-09-16 03:58:23.662269,delayed,9.42,1,1,3.94,10.97,1
dl00880,o00273,d047,v098,h04,2025-02-28 02:41:00,2025-03-01 01:58:54.611942,ontime,7.39,0,0,4.49,9.91,1
dl00881,o00632,d127,v032,h01,2024-08-09 22:03:00,2024-08-10 04:52:23.207494,delayed,12.77,5,1,3.32,11.86,1
dl00882,o01151,d039,v036,h03,2024-06-26 13:58:00,2024-06-27 02:26:43.512371,ontime,3.86,0,0,4.76,7.4,1
dl00883,o00917,d101,v077,h02,2024-04-07 15:38:00,2024-04-08 07:05:34.617010,delayed,11.42,0,1,2.31,14.58,1
dl00884,o00407,d056,v105,h01,2025-02-23 07:26:00,2025-02-23 18:31:02.305838,ontime,12.58,1,0,4.81,14.99,1
dl00885,o00675,d126,v073,h06,2024-02-19 20:14:00,2024-02-20 19:38:10.153872,ontime,15.92,0,0,4.37,16.87,1
dl00886,o00968,d050,v094,h02,2024-11-21 05:45:00,2024-11-21 17:49:42.646868,delayed,1.2,2,0,3.45,10.2,1
dl00887,o00577,d155,v097,h02,2025-06-09 23:14:00,2025-06-10 01:19:26.467155,ontime,29.9,0,0,4.18,18.94,1
dl00888,o01129,d055,v027,h07,2025-03-23 16:39:00,2025-03-24 16:16:34.620357,failed,11.78,2,0,3.61,7.64,1
dl00889,o01172,d105,v002,h08,2024-09-17 20:42:00,2024-09-18 08:31:55.588869,failed,7.09,0,1,4.37,11.81,1
dl00890,o00384,d103,v020,h03,2024-01-01 16:28:00,2024-01-02 02:33:42.522654,delayed,9.61,0,0,3.51,9.44,1
dl00891,o00963,d013,v077,h07,2025-06-06 13:03:00,2025-06-07 11:56:40.215906,ontime,9.94,0,0,4.61,14.44,1
dl00892,o00392,d163,v115,h07,2025-11-24 12:15:00,2025-11-24 14:18:34.201194,ontime,9.31,1,0,4.42,14.7,1
dl00893,o00981,d062,v023,h05,2025-01-11 23:09:00,2025-01-13 08:12:13.529331,delayed,25.18,1,0,4.52,10.11,1
dl00894,o00724,d094,v120,h06,2025-11-18 10:15:00,2025-11-18 22:57:13.153771,delayed,25.57,0,0,2.58,20.64,1
dl00895,o01157,d068,v023,h07,2024-07-08 22:06:00,2024-07-08 20:56:21.355704,ontime,17.68,1,0,4.43,9.26,1
dl00896,o00177,d042,v023,h06,2025-12-25 05:07:00,2025-12-25 09:26:55.150084,ontime,11.26,1,0,4.39,12.49,1
dl00897,o00672,d084,v043,h07,2025-01-04 00:01:00,2025-01-04 23:54:43.323541,ontime,33.64,2,0,4.06,29.43,1
dl00898,o00283,d088,v047,h07,2024-05-26 17:54:00,2024-05-27 03:34:21.672952,delayed,10.44,3,0,3.85,17.21,1
dl00899,o00549,d129,v040,h08,2025-08-14 11:47:00,2025-08-14 19:36:01.656848,ontime,5.78,2,0,3.72,9.14,1
dl00900,o00199,d039,v053,h07,2024-10-02 14:11:00,2024-10-03 02:06:29.294093,ontime,12.4,0,0,5.0,8.44,1
dl00901,o00730,d099,v067,h05,2025-09-19 11:31:00,2025-09-19 09:28:50.058935,ontime,13.94,1,0,3.7,13.05,1
dl00902,o00018,d015,v047,h06,2024-03-08 23:03:00,2024-03-09 02:59:39.833152,ontime,17.27,0,0,5.0,12.37,1
dl00903,o00130,d130,v051,h03,2024-01-11 00:41:00,2024-01-11 03:13:51.759410,ontime,19.22,4,0,3.42,14.82,1
dl00904,o01102,d160,v112,h04,2025-08-19 06:18:00,2025-08-19 09:41:36.852221,ontime,32.81,0,0,4.79,16.84,1
dl00905,o01020,d028,v013,h04,2024-10-23 02:30:00,2024-10-23 11:04:29.734438,delayed,30.71,1,0,3.81,18.26,1
dl00906,o01229,d168,v110,h08,2025-05-27 01:11:00,2025-05-27 09:44:29.154606,failed,18.6,1,1,2.35,16.73,1
dl00907,o00884,d096,v103,h08,2024-04-17 02:46:00,2024-04-17 08:08:07.579546,ontime,3.96,0,0,3.59,16.11,1
dl00908,o00145,d088,v042,h03,2024-11-02 11:50:00,2024-11-02 21:56:28.563587,ontime,10.05,1,0,5.0,14.53,1
dl00909,o01204,d033,v001,h02,2025-08-13 17:56:00,2025-08-13 20:26:21.358387,delayed,10.35,2,0,2.77,8.9,1
dl00910,o01002,d071,v005,h04,2024-06-14 09:09:00,2024-06-14 22:29:41.070065,delayed,26.61,1,0,4.05,16.25,1
dl00911,o00806,d004,v119,h01,2025-04-17 16:52:00,2025-04-18 01:40:49.580737,ontime,13.69,0,0,4.33,14.98,1
dl00912,o00355,d011,v095,h02,2025-10-11 00:12:00,2025-10-11 15:59:08.940020,delayed,21.47,2,0,3.69,9.33,1
dl00913,o00239,d096,v081,h04,2024-05-18 06:34:00,2024-05-18 12:24:14.005035,ontime,12.6,1,0,3.49,15.18,1
dl00914,o00270,d157,v006,h05,2025-10-26 17:01:00,2025-10-26 17:58:50.299137,ontime,10.96,0,0,4.41,15.03,1
dl00915,o00873,d004,v047,h03,2024-11-28 13:17:00,2024-11-28 17:51:16.689113,ontime,9.84,0,0,3.99,16.74,1
dl00916,o01100,d036,v049,h03,2025-08-01 15:41:00,2025-08-01 15:52:41.636010,ontime,22.62,1,0,4.95,17.14,1
dl00917,o00700,d077,v102,h05,2024-01-13 04:19:00,2024-01-13 07:59:11.863044,ontime,12.76,0,0,4.06,9.47,1
dl00918,o00645,d097,v086,h08,2024-12-26 21:17:00,2024-12-27 04:43:50.631471,ontime,10.63,1,0,4.21,10.43,1
dl00919,o00763,d139,v097,h04,2025-12-26 20:25:00,2025-12-26 23:44:12.237781,ontime,5.38,2,0,5.0,10.53,1
dl00920,o00686,d133,v034,h03,2025-01-05 15:05:00,2025-01-06 12:10:59.396753,failed,5.08,1,1,3.09,4.15,1
dl00921,o00332,d063,v108,h08,2025-01-04 02:49:00,2025-01-05 01:59:36.355790,failed,6.36,0,0,2.34,9.47,1
dl00922,o00399,d112,v090,h07,2024-03-08 19:10:00,2024-03-08 22:43:49.202012,delayed,12.65,5,1,3.39,14.07,1
dl00923,o00047,d071,v012,h03,2025-11-28 04:59:00,2025-11-28 05:50:08.491873,ontime,19.03,0,0,4.7,16.28,1
dl00924,o00717,d155,v027,h01,2024-12-12 23:23:00,2024-12-13 02:04:50.318852,ontime,15.39,0,0,4.6,15.3,1
dl00925,o00003,d041,v100,h02,2025-09-02 16:59:00,2025-09-03 01:50:39.644673,delayed,13.04,2,0,3.7,13.16,1
dl00926,o00574,d031,v046,h03,2024-05-03 03:01:00,2024-05-03 07:58:56.374915,ontime,14.82,2,0,4.64,15.12,1
dl00927,o00335,d152,v077,h01,2024-01-26 03:48:00,2024-01-27 03:24:27.480673,ontime,5.36,0,0,5.0,13.63,1
dl00928,o00100,d023,v101,h05,2025-10-30 22:51:00,2025-10-31 19:39:28.294586,failed,12.72,0,1,3.15,21.6,1
dl00929,o00935,d033,v090,h05,2024-09-14 12:29:00,2024-09-15 02:01:45.028410,ontime,15.41,0,0,4.51,15.11,1
dl00930,o00586,d016,v022,h07,2024-03-31 08:04:00,2024-03-31 20:40:39.951924,ontime,9.03,0,0,4.04,9.23,1
dl00931,o01171,d006,v062,h08,2024-12-18 03:47:00,2024-12-18 21:24:20.480256,failed,16.08,1,0,2.2,13.75,1
dl00932,o01225,d080,v082,h04,2025-12-27 03:21:00,2025-12-28 02:38:22.447557,ontime,8.94,0,0,3.18,11.22,1
dl00933,o01133,d032,v009,h02,2025-12-23 12:04:00,2025-12-24 12:43:50.593770,ontime,12.66,1,0,3.83,14.09,1
dl00934,o00775,d071,v080,h02,2024-03-05 11:50:00,2024-03-05 23:29:10.318105,ontime,20.86,0,0,4.35,10.59,1
dl00935,o00211,d107,v012,h08,2024-02-14 07:33:00,2024-02-14 20:00:31.291688,failed,32.42,4,0,3.9,14.69,1
dl00936,o00372,d087,v098,h03,2025-01-29 15:05:00,2025-01-29 14:49:44.580725,ontime,5.84,2,0,4.74,11.21,1
dl00937,o00001,d047,v090,h01,2024-08-20 16:29:00,2024-08-20 18:52:56.172161,ontime,26.65,2,0,4.29,15.82,1
dl00938,o01246,d132,v109,h03,2024-04-04 03:20:00,2024-04-04 10:45:58.482629,failed,36.94,0,0,2.58,20.16,1
dl00939,o00417,d007,v076,h01,2025-01-10 17:25:00,2025-01-10 21:08:01.948187,ontime,1.2,0,0,4.17,11.3,1
dl00940,o00565,d133,v066,h04,2025-07-01 17:56:00,2025-07-01 23:29:07.302926,delayed,16.19,1,0,2.58,7.05,1
dl00941,o00592,d125,v044,h03,2025-05-06 03:42:00,2025-05-06 06:05:21.290861,ontime,13.31,1,0,3.8,13.15,1
dl00942,o01112,d013,v027,h04,2024-09-24 04:28:00,2024-09-24 12:36:48.346377,failed,12.99,1,0,4.06,16.82,1
dl00943,o00967,d087,v082,h01,2024-03-17 17:18:00,2024-03-17 22:14:16.038008,ontime,5.06,2,0,4.57,8.9,1
dl00944,o00336,d009,v067,h06,2024-01-10 06:09:00,2024-01-10 10:20:19.874213,ontime,16.01,2,0,4.04,12.32,1
dl00945,o00197,d075,v074,h03,2025-01-24 05:04:00,2025-01-24 07:26:38.824570,ontime,8.74,1,0,4.39,12.97,1
dl00946,o00982,d069,v058,h04,2025-10-28 08:18:00,2025-10-28 07:56:03.747535,ontime,10.68,1,0,4.62,19.6,1
dl00947,o01082,d129,v019,h04,2024-10-25 15:52:00,2024-10-26 13:23:40.712696,ontime,10.8,0,0,4.13,11.79,1
dl00948,o00863,d155,v111,h07,2025-09-17 19:05:00,2025-09-18 04:28:30.370370,ontime,11.02,0,0,4.82,9.38,1
dl00949,o01106,d060,v005,h02,2024-02-28 01:58:00,2024-02-28 10:58:31.708981,ontime,11.36,0,0,4.05,20.13,1
dl00950,o00744,d024,v014,h02,2025-04-23 05:31:00,2025-04-23 09:48:21.154957,ontime,15.82,0,0,3.8,16.73,1
